-- --------------------------------------------------------
-- Host:                         127.0.0.1
-- Server version:               8.0.23 - MySQL Community Server - GPL
-- Server OS:                    Win64
-- HeidiSQL Version:             12.3.0.6589
-- --------------------------------------------------------

/*!40101 SET @OLD_CHARACTER_SET_CLIENT=@@CHARACTER_SET_CLIENT */;
/*!40101 SET NAMES utf8 */;
/*!50503 SET NAMES utf8mb4 */;
/*!40103 SET @OLD_TIME_ZONE=@@TIME_ZONE */;
/*!40103 SET TIME_ZONE='+00:00' */;
/*!40014 SET @OLD_FOREIGN_KEY_CHECKS=@@FOREIGN_KEY_CHECKS, FOREIGN_KEY_CHECKS=0 */;
/*!40101 SET @OLD_SQL_MODE=@@SQL_MODE, SQL_MODE='NO_AUTO_VALUE_ON_ZERO' */;
/*!40111 SET @OLD_SQL_NOTES=@@SQL_NOTES, SQL_NOTES=0 */;


-- Dumping database structure for crf
CREATE DATABASE IF NOT EXISTS `crf` /*!40100 DEFAULT CHARACTER SET utf8mb4 COLLATE utf8mb4_0900_ai_ci */ /*!80016 DEFAULT ENCRYPTION='N' */;
USE `crf`;

-- Dumping structure for table crf.ingredients
CREATE TABLE IF NOT EXISTS `ingredients` (
  `id` int NOT NULL AUTO_INCREMENT,
  `name` varchar(50) CHARACTER SET utf8mb4 COLLATE utf8mb4_0900_ai_ci NOT NULL,
  `type` varchar(50) CHARACTER SET utf8mb4 COLLATE utf8mb4_0900_ai_ci NOT NULL DEFAULT 'Herbs & Spices',
  `abv` float NOT NULL DEFAULT '0',
  `description` varchar(50) CHARACTER SET utf8mb4 COLLATE utf8mb4_0900_ai_ci NOT NULL DEFAULT '',
  `image` varchar(50) CHARACTER SET utf8mb4 COLLATE utf8mb4_0900_ai_ci NOT NULL DEFAULT '',
  PRIMARY KEY (`name`),
  KEY `id` (`id`)
) ENGINE=InnoDB AUTO_INCREMENT=421 DEFAULT CHARSET=utf8mb4 COLLATE=utf8mb4_0900_ai_ci;

-- Dumping data for table crf.ingredients: ~411 rows (approximately)
REPLACE INTO `ingredients` (`id`, `name`, `type`, `abv`, `description`, `image`) VALUES
	(279, '\'Elemakule Tiki Bitters', 'Bitters', 45, '', ''),
	(36, 'Agave Syrup', 'Syrup', 0, '', ''),
	(111, 'Agavero', 'Tequila', 32, '', ''),
	(101, 'Aged Cachaça', 'Rum', 40, '', ''),
	(85, 'Aged Gin', 'Gin', 40, '', ''),
	(345, 'Allspice', 'Herbs & Spices', 0, '', ''),
	(165, 'Allspice Dram', 'Liqueur', 22, '', ''),
	(406, 'Almond Extract', 'Other', 0, '', ''),
	(187, 'Amaretto', 'Liqueur', 28, '', ''),
	(258, 'Amaro Abano', 'Amaro', 30, '', ''),
	(260, 'Amaro Braulio', 'Amaro', 21, '', ''),
	(261, 'Amaro CioCiaro', 'Amaro', 30, '', ''),
	(253, 'Amaro del Capo', 'Amaro', 35, '', ''),
	(252, 'Amaro del Sole Vittone', 'Amaro', 30, '', ''),
	(251, 'Amaro dell\'Erborista', 'Amaro', 21, '', ''),
	(262, 'Amaro di Angostura', 'Amaro', 35, '', ''),
	(219, 'Amaro Galliano', 'Aperitif', 24, '', ''),
	(256, 'Amaro Lazzaroni', 'Amaro', 25, '', ''),
	(257, 'Amaro Lucano', 'Amaro', 28, '', ''),
	(249, 'Amaro Meletti', 'Amaro', 32, '', ''),
	(248, 'Amaro Montenegro', 'Amaro', 23, '', ''),
	(250, 'Amaro Nardini', 'Amaro', 31, '', ''),
	(1, 'Amaro Nonino', 'Amaro', 35, '', ''),
	(259, 'Amaro Ramazzotti', 'Amaro', 30, '', ''),
	(267, 'Amaro Sfumato Rabarbaro', 'Amaro', 20, '', ''),
	(254, 'Amaro Sibilla', 'Amaro', 34, '', ''),
	(138, 'Amber Beer', 'Beer', 5, '', ''),
	(197, 'Amber Vermouth', 'Vermouth', 17, '', ''),
	(223, 'Amer Picon', 'Aperitif', 21, '', ''),
	(209, 'Amontillado Sherry', 'Wine', 17, '', ''),
	(5, 'Angostura Bitters', 'Bitters', 45, '', ''),
	(183, 'Anisette', 'Liqueur', 45, '', ''),
	(2, 'Aperol', 'Aperitif', 11, '', ''),
	(123, 'Apple Brandy', 'Brandy', 40, '', ''),
	(388, 'Apple Juice', 'Juice', 0, '', ''),
	(124, 'Applejack', 'Brandy', 40, '', ''),
	(129, 'Apricot Eau de Vie', 'Brandy', 40, '', ''),
	(175, 'Apricot Liqueur', 'Liqueur', 17, '', ''),
	(329, 'Apricot Nectar', 'Syrup', 0, '', ''),
	(118, 'Aquavit', 'Aquavit', 40, '', ''),
	(365, 'Aranciata', 'Soda', 0, '', ''),
	(122, 'Armagnac', 'Brandy', 40, '', ''),
	(6, 'Aromatic Bitters', 'Bitters', 40, '', ''),
	(102, 'Arrack', 'Rum', 70, '', ''),
	(247, 'Averna', 'Amaro', 30, '', ''),
	(225, 'Avèze', 'Aperitif', 20, '', ''),
	(115, 'Baijiu', 'Baijiu', 50, '', ''),
	(372, 'Baking Soda', 'Other', 0, '', ''),
	(384, 'Balsamic Vinegar', 'Other', 0, '', ''),
	(371, 'Bar Sugar', 'Sweetener', 0, '', ''),
	(397, 'Barbecue Sauce', 'Other', 0, '', ''),
	(103, 'Batavia Arrack', 'Rum', 50, '', ''),
	(269, 'Becherovka', 'Amaro', 38, '', ''),
	(131, 'Beer', 'Beer', 5, '', ''),
	(166, 'Bénédictine', 'Liqueur', 40, '', ''),
	(200, 'Black Port', 'Wine', 18, '', ''),
	(93, 'Black Rum', 'Rum', 40, '', ''),
	(419, 'Blackberry', 'Fruit', 0, '', ''),
	(334, 'Blackberry Syrup', 'Syrup', 0, '', ''),
	(64, 'Blended Scotch Whisky', 'Whiskey', 40, '', ''),
	(280, 'Blood Orange Juice', 'Juice', 0, '', ''),
	(25, 'Blue Curaçao', 'Liqueur', 30, '', ''),
	(14, 'Blueberry', 'Fruit', 0, '', ''),
	(272, 'Bokers Bitters', 'Bitters', 31.5, '', ''),
	(238, 'Bonal Gentiane Quina', 'Aperitif', 16, '', ''),
	(22, 'Botanical Gin', 'Gin', 40, '', ''),
	(65, 'Bourbon Whiskey', 'Whiskey', 40, '', ''),
	(244, 'Branca Menta', 'Amaro', 28, '', ''),
	(8, 'Brandy', 'Brandy', 40, '', ''),
	(119, 'Brennivín', 'Brennivín', 40, '', ''),
	(407, 'Brown Sugar', 'Sweetener', 0, '', ''),
	(313, 'Brown Sugar Syrup', 'Syrup', 0, '', ''),
	(152, 'Brut', 'Wine', 12, '', ''),
	(10, 'Bruto Americano', 'Liqueur', 24, '', ''),
	(37, 'Butter', 'Dairy', 0, '', ''),
	(241, 'Byrrh', 'Aperitif', 18, '', ''),
	(100, 'Cachaça', 'Rum', 45, '', ''),
	(125, 'Calvados', 'Brandy', 40, '', ''),
	(3, 'Campari', 'Aperitif', 25, '', ''),
	(77, 'Canadian Whisky', 'Whiskey', 40, '', ''),
	(240, 'Caperitif', 'Aperitif', 18, '', ''),
	(226, 'Cappelletti Aperitivo Americano', 'Aperitif', 17, '', ''),
	(314, 'Caramel Syrup', 'Syrup', 0, '', ''),
	(266, 'Cardamaro', 'Amaro', 17, '', ''),
	(346, 'Cardamom', 'Herbs & Spices', 0, '', ''),
	(192, 'Carpano Antica', 'Vermouth', 17, '', ''),
	(302, 'Carrot Juice', 'Juice', 0, '', ''),
	(153, 'Cava', 'Wine', 12, '', ''),
	(350, 'Cayenne Pepper', 'Herbs & Spices', 0, '', ''),
	(278, 'Celery Bitters', 'Bitters', 45, '', ''),
	(301, 'Celery Juice', 'Juice', 0, '', ''),
	(151, 'Champagne', 'Wine', 12, '', ''),
	(157, 'Cheongju', 'Wine', 20, '', ''),
	(379, 'Cherry', 'Fruit', 0, '', ''),
	(128, 'Cherry Brandy', 'Brandy', 40, '', ''),
	(164, 'Cherry Heering', 'Liqueur', 24, '', ''),
	(298, 'Cherry Juice', 'Juice', 0, '', ''),
	(321, 'Cherry Syrup', 'Syrup', 0, '', ''),
	(195, 'Chianto Vermouth', 'Vermouth', 16, '', ''),
	(178, 'Chili Liqueur', 'Liqueur', 40, '', ''),
	(349, 'Chili Powder', 'Herbs & Spices', 0, '', ''),
	(268, 'China-China Amer', 'Amaro', 40, '', ''),
	(409, 'Chocolate', 'Dairy', 0, '', ''),
	(274, 'Chocolate Bitters', 'Bitters', 45, '', ''),
	(398, 'Cilantro', 'Herbs & Spices', 0, '', ''),
	(342, 'Cinnamon', 'Herbs & Spices', 0, '', ''),
	(316, 'Cinnamon Bark Syrup', 'Syrup', 0, '', ''),
	(114, 'Citrus Vodka', 'Vodka', 40, '', ''),
	(305, 'Clamato', 'Juice', 0, '', ''),
	(343, 'Clove', 'Herbs & Spices', 0, '', ''),
	(417, 'Club Soda', 'Soda', 0, '', ''),
	(233, 'Cocchi Americano Bianco', 'Aperitif', 17, '', ''),
	(234, 'Cocchi Americano Rosa', 'Aperitif', 17, '', ''),
	(235, 'Cocchi Barolo Chinato', 'Aperitif', 16, '', ''),
	(193, 'Cochi di Torino', 'Vermouth', 16, '', ''),
	(405, 'Cocktail Onion', 'Vegetable', 0, '', ''),
	(410, 'Coconut', 'Fruit', 0, '', ''),
	(411, 'Coconut Cream', 'Other', 0, '', ''),
	(104, 'Coconut Rum', 'Rum', 40, '', ''),
	(413, 'Coconut Water', 'Other', 0, '', ''),
	(375, 'Coffee', 'Coffee', 0, '', ''),
	(158, 'Coffee Liqueur', 'Liqueur', 25, '', ''),
	(315, 'Coffee Syrup', 'Syrup', 0, '', ''),
	(9, 'Cognac', 'Brandy', 40, '', ''),
	(162, 'Cointreau', 'Liqueur', 40, '', ''),
	(38, 'Coke', 'Soda', 0, '', ''),
	(214, 'Contratto', 'Aperitif', 13.5, '', ''),
	(215, 'Contratto Bitter', 'Aperitif', 22, '', ''),
	(348, 'Coriander Seeds', 'Herbs & Spices', 0, '', ''),
	(66, 'Corn Whiskey', 'Whiskey', 40, '', ''),
	(287, 'Cranberry Juice', 'Juice', 0, '', ''),
	(412, 'Cream of Coconut', 'Other', 0, '', ''),
	(211, 'Cream Sherry', 'Wine', 18, '', ''),
	(364, 'Cream Soda', 'Soda', 0, '', ''),
	(173, 'Crème de Banane', 'Liqueur', 17, '', ''),
	(415, 'Crème de Cacao', 'Liqueur', 25, '', ''),
	(172, 'Crème de Cassis', 'Liqueur', 20, '', ''),
	(171, 'Crème de Framboise', 'Liqueur', 20, '', ''),
	(169, 'Crème de Menthe', 'Liqueur', 24, '', ''),
	(170, 'Crème de Mûre', 'Liqueur', 20, '', ''),
	(176, 'Crème de Pampelmousse', 'Liqueur', 17, '', ''),
	(177, 'Crème de Pêche', 'Liqueur', 17, '', ''),
	(26, 'Crème de Violette', 'Liqueur', 22, '', ''),
	(174, 'Crème Yvette', 'Liqueur', 28, '', ''),
	(404, 'Crystallized Ginger', 'Other', 0, '', ''),
	(15, 'Cucumber', 'Fruit', 0, '', ''),
	(27, 'Curaçao', 'Liqueur', 30, '', ''),
	(4, 'Cynar', 'Amaro', 16.5, '', ''),
	(136, 'Dark Ale', 'Beer', 6, '', ''),
	(92, 'Dark Jamaican Rum', 'Rum', 40, '', ''),
	(95, 'Dark Overproof Rum', 'Rum', 60, '', ''),
	(90, 'Dark Rum', 'Rum', 40, '', ''),
	(97, 'Dark Spiced Rum', 'Rum', 40, '', ''),
	(91, 'Demerara Rum', 'Rum', 40, '', ''),
	(408, 'Demerara Sugar', 'Sweetener', 0, '', ''),
	(310, 'Demerara Syrup', 'Syrup', 0, '', ''),
	(186, 'Disaronno', 'Liqueur', 28, '', ''),
	(216, 'Dolin Bitter', 'Aperitif', 16, '', ''),
	(188, 'Domaine de Canton', 'Liqueur', 28, '', ''),
	(362, 'Dr. Pepper', 'Soda', 0, '', ''),
	(189, 'Drambuie', 'Liqueur', 40, '', ''),
	(23, 'Dry Gin', 'Gin', 40, '', ''),
	(11, 'Dry Vermouth', 'Vermouth', 17, '', ''),
	(232, 'Dubonnet Blanc', 'Aperitif', 15, '', ''),
	(231, 'Dubonnet Rouge', 'Aperitif', 15, '', ''),
	(126, 'Eau de Vie', 'Brandy', 40, '', ''),
	(39, 'Egg', 'Other', 0, '', ''),
	(420, 'Egg White', 'Herbs & Spices', 0, '', ''),
	(28, 'Elderflower Liqueur', 'Liqueur', 20, '', ''),
	(263, 'Elisir Novasalus', 'Amaro', 16, '', ''),
	(376, 'Espresso', 'Coffee', 0, '', ''),
	(160, 'Espresso Liqueur', 'Liqueur', 30, '', ''),
	(121, 'Everclear', 'Spirit', 80, '', ''),
	(191, 'Extra Dry Vermouth', 'Vermouth', 17, '', ''),
	(317, 'Falernum', 'Syrup', 0, '', ''),
	(245, 'Fernet Vallet', 'Amaro', 35, '', ''),
	(243, 'Fernet-Branca', 'Amaro', 39, '', ''),
	(206, 'Fino Sherry', 'Wine', 17, '', ''),
	(387, 'Fruit Preserve', 'Fruit', 0, '', ''),
	(181, 'Galliano L\'autentico', 'Liqueur', 42, '', ''),
	(84, 'Genever', 'Gin', 35, '', ''),
	(416, 'Gin', 'Gin', 40, '', ''),
	(16, 'Ginger', 'Root', 0, '', ''),
	(352, 'Ginger Ale', 'Soda', 0, '', ''),
	(40, 'Ginger Beer', 'Soda', 0, '', ''),
	(312, 'Ginger Syrup', 'Syrup', 0, '', ''),
	(242, 'Ginger Wine', 'Aperitif', 16, '', ''),
	(89, 'Gold Rum', 'Rum', 40, '', ''),
	(306, 'Gomme Syrup', 'Syrup', 0, '', ''),
	(135, 'Gose', 'Beer', 5, '', ''),
	(221, 'Gran Classico Bitter', 'Aperitif', 28, '', ''),
	(163, 'Grand Marnier', 'Liqueur', 40, '', ''),
	(288, 'Grape Juice', 'Juice', 0, '', ''),
	(281, 'Grapefruit', 'Fruit', 0, '', ''),
	(7, 'Grapefruit Bitters', 'Bitters', 40, '', ''),
	(282, 'Grapefruit Juice', 'Juice', 0, '', ''),
	(354, 'Grapefruit Soda', 'Soda', 0, '', ''),
	(29, 'Green Chartreuse', 'Liqueur', 55, '', ''),
	(41, 'Grenadine', 'Syrup', 0, '', ''),
	(330, 'Guava Nectar', 'Syrup', 0, '', ''),
	(351, 'Habanero Pepper', 'Herbs & Spices', 0, '', ''),
	(368, 'Half-and-Half', 'Dairy', 0, '', ''),
	(141, 'Hard Cider', 'Cider', 5, '', ''),
	(369, 'Heavy Cream', 'Dairy', 0, '', ''),
	(319, 'Hibiscus Syrup', 'Syrup', 0, '', ''),
	(167, 'Honey Liqueur', 'Liqueur', 35, '', ''),
	(307, 'Honey Syrup', 'Syrup', 0, '', ''),
	(396, 'Horseradish', 'Vegetable', 0, '', ''),
	(377, 'Hot Chocolate', 'Dairy', 0, '', ''),
	(391, 'Hot Sauce', 'Other', 0, '', ''),
	(142, 'Ice Cider', 'Cider', 5, '', ''),
	(373, 'Ice Cream', 'Dairy', 0, '', ''),
	(149, 'Ice Wine', 'Wine', 12, '', ''),
	(139, 'IPA', 'Beer', 6, '', ''),
	(161, 'Irish Cream', 'Liqueur', 17, '', ''),
	(67, 'Irish Whiskey', 'Whiskey', 40, '', ''),
	(255, 'Jägermeister', 'Amaro', 35, '', ''),
	(68, 'Japanese Whisky', 'Whiskey', 40, '', ''),
	(159, 'Kahlúa', 'Liqueur', 20, '', ''),
	(236, 'Kina l\'Aero d\'Or', 'Aperitif', 18, '', ''),
	(127, 'Kirsch Eau de Vie', 'Brandy', 40, '', ''),
	(182, 'Kümmel', 'Liqueur', 37, '', ''),
	(326, 'Kumquat Syrup', 'Syrup', 0, '', ''),
	(366, 'La Croix', 'Soda', 0, '', ''),
	(17, 'Lemon', 'Fruit', 0, '', ''),
	(42, 'Lemon Juice', 'Juice', 0, '', ''),
	(355, 'Lemon Lime Soda', 'Soda', 0, '', ''),
	(357, 'Lemon Soda', 'Soda', 0, '', ''),
	(327, 'Lemon Syrup', 'Syrup', 0, '', ''),
	(180, 'Licor 43', 'Liqueur', 31, '', ''),
	(94, 'Light Overproof Rum', 'Rum', 60, '', ''),
	(57, 'Light Rum', 'Rum', 40, '', ''),
	(228, 'Lillet Blanc', 'Aperitif', 17, '', ''),
	(229, 'Lillet Rosé', 'Aperitif', 17, '', ''),
	(230, 'Lillet Rouge', 'Aperitif', 17, '', ''),
	(18, 'Lime', 'Fruit', 0, '', ''),
	(320, 'Lime Cordial', 'Syrup', 0, '', ''),
	(43, 'Lime Juice', 'Juice', 0, '', ''),
	(356, 'Lime Soda', 'Soda', 0, '', ''),
	(358, 'Limonada', 'Soda', 0, '', ''),
	(179, 'Limoncello', 'Liqueur', 30, '', ''),
	(185, 'Liquore Strega', 'Liqueur', 40, '', ''),
	(80, 'London Dry Gin', 'Gin', 40, '', ''),
	(220, 'Luxardo Bitter', 'Aperitif', 25, '', ''),
	(212, 'Madeira', 'Wine', 17, '', ''),
	(120, 'Malört', 'Malört', 40, '', ''),
	(296, 'Mango Juice', 'Juice', 0, '', ''),
	(207, 'Manzanilla Sherry', 'Wine', 17, '', ''),
	(309, 'Maple Syrup', 'Syrup', 0, '', ''),
	(79, 'Maple Whiskey', 'Whiskey', 35, '', ''),
	(30, 'Maraschino Liqueur', 'Liqueur', 32, '', ''),
	(237, 'Maurin Quina', 'Aperitif', 16, '', ''),
	(143, 'Mead', 'Mead', 6, '', ''),
	(218, 'Meletti 1870 Bitter', 'Aperitif', 25, '', ''),
	(58, 'Mezcal', 'Mezcal', 40, '', ''),
	(109, 'Mezcal Añejo', 'Mezcal', 40, '', ''),
	(110, 'Mezcal Blanco', 'Mezcal', 40, '', ''),
	(59, 'Mezcal Joven', 'Mezcal', 40, '', ''),
	(60, 'Mezcal Reposado', 'Mezcal', 40, '', ''),
	(44, 'Milk', 'Dairy', 0, '', ''),
	(19, 'Mint', 'Herbs & Spices', 0, '', ''),
	(337, 'Mint Syrup', 'Syrup', 0, '', ''),
	(323, 'Molasses', 'Syrup', 0, '', ''),
	(78, 'Moonshine', 'Whiskey', 60, '', ''),
	(361, 'Mountain Dew', 'Soda', 0, '', ''),
	(393, 'Mustard', 'Other', 0, '', ''),
	(82, 'Navy Strength Gin', 'Gin', 57, '', ''),
	(87, 'New Wave Gin', 'Gin', 40, '', ''),
	(341, 'Nutmeg', 'Herbs & Spices', 0, '', ''),
	(347, 'Old Bay', 'Herbs & Spices', 0, '', ''),
	(276, 'Old Fashioned Bitters', 'Bitters', 18, '', ''),
	(83, 'Old Tom Gin', 'Gin', 40, '', ''),
	(284, 'Oleo-Saccharum', 'Syrup', 0, '', ''),
	(299, 'Olive Juice', 'Juice', 0, '', ''),
	(382, 'Olives', 'Fruit', 0, '', ''),
	(208, 'Oloroso Sherry', 'Wine', 20, '', ''),
	(20, 'Orange', 'Fruit', 0, '', ''),
	(271, 'Orange Bitters', 'Bitters', 45, '', ''),
	(31, 'Orange Curaçao', 'Liqueur', 25, '', ''),
	(401, 'Orange Flower Water', 'Other', 0, '', ''),
	(45, 'Orange Juice', 'Juice', 0, '', ''),
	(325, 'Orange Marmalade Syrup', 'Syrup', 0, '', ''),
	(359, 'Orange Soda', 'Soda', 0, '', ''),
	(145, 'Orange Wine', 'Wine', 12, '', ''),
	(46, 'Orgeat Syrup', 'Syrup', 0, '', ''),
	(134, 'Pale Ale', 'Beer', 5, '', ''),
	(210, 'Palo Cortado Sherry', 'Wine', 20, '', ''),
	(217, 'Pampelle L\'Apero', 'Aperitif', 15, '', ''),
	(331, 'Papaya Nectar', 'Syrup', 0, '', ''),
	(403, 'Passion Fruit', 'Fruit', 0, '', ''),
	(291, 'Passion Fruit Juice', 'Juice', 0, '', ''),
	(324, 'Passion Fruit Syrup', 'Syrup', 0, '', ''),
	(277, 'Peach Bitters', 'Bitters', 40, '', ''),
	(293, 'Peach Juice', 'Juice', 0, '', ''),
	(332, 'Peach Nectar', 'Syrup', 0, '', ''),
	(418, 'Peach Purée', 'Fruit', 0, '', ''),
	(385, 'Peanut Butter', 'Other', 0, '', ''),
	(130, 'Pear Eau de Vie', 'Brandy', 40, '', ''),
	(292, 'Pear Juice', 'Juice', 0, '', ''),
	(168, 'Pear Liqueur', 'Liqueur', 17, '', ''),
	(69, 'Peated Scotch Whisky', 'Whiskey', 40, '', ''),
	(213, 'Pedro Ximénez Sherry', 'Wine', 18, '', ''),
	(47, 'Pepper', 'Herbs & Spices', 0, '', ''),
	(184, 'Pernod', 'Liqueur', 40, '', ''),
	(155, 'Pét-Nat', 'Wine', 12, '', ''),
	(270, 'Peychaud\'s Bitters', 'Bitters', 35, '', ''),
	(381, 'Pickle', 'Vegetable', 0, '', ''),
	(300, 'Pickle Juice', 'Juice', 0, '', ''),
	(133, 'Pilsner', 'Beer', 5, '', ''),
	(402, 'Pineapple', 'Fruit', 0, '', ''),
	(286, 'Pineapple Juice', 'Juice', 0, '', ''),
	(105, 'Pineapple Rum', 'Rum', 40, '', ''),
	(322, 'Pineapple Syrup', 'Syrup', 0, '', ''),
	(86, 'Pink Gin', 'Gin', 35, '', ''),
	(294, 'Plum Juice', 'Juice', 0, '', ''),
	(81, 'Plymouth Gin', 'Gin', 40, '', ''),
	(48, 'Pomegranate Juice', 'Juice', 0, '', ''),
	(32, 'Pomegranate Liqueur', 'Liqueur', 17, '', ''),
	(199, 'Port', 'Wine', 18, '', ''),
	(154, 'Prosecco', 'Wine', 12, '', ''),
	(338, 'Pumpkin Spice Syrup', 'Syrup', 0, '', ''),
	(196, 'Punte E Mes', 'Vermouth', 16, '', ''),
	(339, 'Quinine Syrup', 'Syrup', 0, '', ''),
	(222, 'Rando Aperitivo Bio', 'Aperitif', 15, '', ''),
	(333, 'Raspberry Syrup', 'Syrup', 0, '', ''),
	(367, 'Red Bull', 'Soda', 0, '', ''),
	(363, 'Red Rock', 'Soda', 0, '', ''),
	(74, 'Red Wine', 'Wine', 14, '', ''),
	(98, 'Rhum Agricole Blanc', 'Rum', 45, '', ''),
	(99, 'Rhum Agricole Vieux', 'Rum', 45, '', ''),
	(156, 'Rice Wine', 'Wine', 20, '', ''),
	(353, 'Root Beer', 'Soda', 0, '', ''),
	(144, 'Rosé', 'Wine', 12, '', ''),
	(203, 'Rosé Port', 'Wine', 18, '', ''),
	(340, 'Rose Syrup', 'Syrup', 0, '', ''),
	(198, 'Rosé Vermouth', 'Vermouth', 17, '', ''),
	(21, 'Rosemary', 'Herbs & Spices', 0, '', ''),
	(336, 'Rosemary Syrup', 'Syrup', 0, '', ''),
	(202, 'Ruby Port', 'Wine', 20, '', ''),
	(71, 'Rye Whiskey', 'Whiskey', 40, '', ''),
	(132, 'Saison', 'Beer', 5, '', ''),
	(75, 'Sake', 'Sake', 16, '', ''),
	(239, 'Salera Gentiane', 'Aperitif', 16, '', ''),
	(49, 'Salt', 'Spice', 0, '', ''),
	(335, 'Sarsaparilla Syrup', 'Syrup', 0, '', ''),
	(72, 'Scotch Whisky', 'Whiskey', 40, '', ''),
	(205, 'Sherry', 'Wine', 17, '', ''),
	(117, 'Shōchū', 'Shōchū', 25, '', ''),
	(50, 'Simple Syrup', 'Syrup', 0, '', ''),
	(70, 'Single Malt Scotch Whisky', 'Whiskey', 40, '', ''),
	(24, 'Sloe Gin', 'Gin', 30, '', ''),
	(51, 'Soda Water', 'Soda', 0, '', ''),
	(285, 'Soft Cider', 'Cider', 0, '', ''),
	(116, 'Soju', 'Soju', 20, '', ''),
	(112, 'Sotol', 'Tequila', 38, '', ''),
	(140, 'Sour', 'Beer', 5, '', ''),
	(190, 'Southern Comfort', 'Liqueur', 35, '', ''),
	(52, 'Soy Sauce', 'Additive', 0, '', ''),
	(148, 'Sparkling Rosé', 'Wine', 12, '', ''),
	(53, 'Sparkling Water', 'Soda', 0, '', ''),
	(150, 'Sparkling Wine', 'Wine', 12, '', ''),
	(96, 'Spiced Rum', 'Rum', 40, '', ''),
	(360, 'Sprite', 'Soda', 0, '', ''),
	(392, 'Sriracha', 'Other', 0, '', ''),
	(33, 'St-Germain', 'Liqueur', 20, '', ''),
	(344, 'Star Anise', 'Herbs & Spices', 0, '', ''),
	(137, 'Stout', 'Beer', 8, '', ''),
	(295, 'Strawberry Juice', 'Juice', 0, '', ''),
	(328, 'Strawberry Syrup', 'Syrup', 0, '', ''),
	(106, 'Stroh', 'Rum', 60, '', ''),
	(224, 'Suze', 'Aperitif', 15, '', ''),
	(12, 'Sweet Vermouth', 'Vermouth', 17, '', ''),
	(146, 'Sweet Wine', 'Wine', 12, '', ''),
	(201, 'Tawny Port', 'Wine', 20, '', ''),
	(386, 'Tea', 'Tea', 0, '', ''),
	(61, 'Tequila', 'Tequila', 40, '', ''),
	(107, 'Tequila Añejo', 'Tequila', 40, '', ''),
	(62, 'Tequila Blanco', 'Tequila', 40, '', ''),
	(108, 'Tequila Extra Añejo', 'Tequila', 40, '', ''),
	(399, 'Thyme', 'Herbs & Spices', 0, '', ''),
	(147, 'Tokaji Aszú', 'Wine', 12, '', ''),
	(380, 'Tomato', 'Fruit', 0, '', ''),
	(303, 'Tomato Juice', 'Juice', 0, '', ''),
	(54, 'Tonic Water', 'Soda', 0, '', ''),
	(34, 'Triple Sec', 'Liqueur', 25, '', ''),
	(246, 'Underberg', 'Amaro', 44, '', ''),
	(265, 'Unicum', 'Amaro', 40, '', ''),
	(304, 'V8', 'Juice', 0, '', ''),
	(378, 'Vanilla Extract', 'Herbs & Spices', 0, '', ''),
	(374, 'Vanilla Ice Cream', 'Dairy', 0, '', ''),
	(311, 'Vanilla Syrup', 'Syrup', 0, '', ''),
	(55, 'Velvet Falernum', 'Liqueur', 11, '', ''),
	(227, 'Vergano Americano', 'Aperitif', 16, '', ''),
	(13, 'Vermouth', 'Vermouth', 17, '', ''),
	(383, 'Vinegar', 'Other', 0, '', ''),
	(318, 'Violet Syrup', 'Syrup', 0, '', ''),
	(63, 'Vodka', 'Vodka', 40, '', ''),
	(56, 'Water', 'Other', 0, '', ''),
	(297, 'Watermelon Juice', 'Juice', 0, '', ''),
	(370, 'Whipped Cream', 'Dairy', 0, '', ''),
	(73, 'Whiskey', 'Whiskey', 40, '', ''),
	(275, 'Whiskey Barrel-Aged Bitters', 'Bitters', 18, '', ''),
	(204, 'White Port', 'Wine', 17, '', ''),
	(194, 'White Vermouth', 'Vermouth', 17, '', ''),
	(76, 'White Wine', 'Wine', 14, '', ''),
	(395, 'Worcestershire Sauce', 'Other', 0, '', ''),
	(273, 'Xocolatl Mole Bitters', 'Bitters', 53, '', ''),
	(35, 'Yellow Chartreuse', 'Liqueur', 43, '', ''),
	(283, 'Yuzu Juice', 'Juice', 0, '', ''),
	(113, 'Żubrówka', 'Vodka', 40, '', ''),
	(264, 'Zucca Rabarbaro Amaro', 'Amaro', 30, '', '');

-- Dumping structure for table crf.recipes
CREATE TABLE IF NOT EXISTS `recipes` (
  `id` int NOT NULL AUTO_INCREMENT,
  `Name` varchar(25) CHARACTER SET utf8mb4 COLLATE utf8mb4_0900_ai_ci NOT NULL,
  `Shaken` tinyint(1) NOT NULL DEFAULT '0',
  `Stirred` tinyint(1) NOT NULL DEFAULT '0',
  `Rocks` tinyint(1) NOT NULL DEFAULT '0',
  `Glass` varchar(15) CHARACTER SET utf8mb4 COLLATE utf8mb4_0900_ai_ci NOT NULL DEFAULT '',
  `Chilled` tinyint(1) NOT NULL DEFAULT '0',
  `Ice` varchar(10) CHARACTER SET utf8mb4 COLLATE utf8mb4_0900_ai_ci NOT NULL DEFAULT '',
  `Double_Strain` tinyint(1) NOT NULL DEFAULT '0',
  `Description` varchar(500) CHARACTER SET utf8mb4 COLLATE utf8mb4_0900_ai_ci NOT NULL DEFAULT '',
  `Directions` varchar(1000) CHARACTER SET utf8mb4 COLLATE utf8mb4_0900_ai_ci NOT NULL DEFAULT '',
  `Notes` varchar(1000) NOT NULL DEFAULT '',
  `URL` varchar(500) NOT NULL DEFAULT '',
  PRIMARY KEY (`Name`) USING BTREE,
  KEY `id` (`id`)
) ENGINE=InnoDB AUTO_INCREMENT=39 DEFAULT CHARSET=utf8mb4 COLLATE=utf8mb4_0900_ai_ci;

-- Dumping data for table crf.recipes: ~38 rows (approximately)
REPLACE INTO `recipes` (`id`, `Name`, `Shaken`, `Stirred`, `Rocks`, `Glass`, `Chilled`, `Ice`, `Double_Strain`, `Description`, `Directions`, `Notes`, `URL`) VALUES
	(2, 'Alexander', 1, 0, 0, 'Cocktail', 0, '', 0, '', '', '', ''),
	(3, 'Americano', 0, 0, 1, 'Old Fashioned', 0, '', 0, '', '', '', ''),
	(4, 'Angel Face', 1, 0, 0, 'Cocktail', 0, '', 0, '', '', '', ''),
	(5, 'Aviation', 1, 0, 0, 'Coupe', 0, '', 0, '', '', '', ''),
	(6, 'B-52', 0, 0, 0, 'Shot', 0, '', 0, '', '', '', ''),
	(7, 'Bacardi', 1, 0, 0, 'Cocktail', 0, '', 0, '', '', '', ''),
	(8, 'Barracuda', 1, 0, 1, 'Highball', 0, '', 0, '', '', '', ''),
	(9, 'Bay Breeze', 1, 0, 1, 'Highball', 0, '', 0, '', '', '', ''),
	(10, 'Bellini', 0, 0, 0, 'Flute', 0, '', 0, '', '', '', ''),
	(11, 'Between the Sheets', 1, 0, 0, 'Martini', 0, '', 0, '', '', '', ''),
	(12, 'Black Russian', 0, 0, 1, 'Old Fashioned', 0, '', 0, '', '', '', ''),
	(13, 'Bloody Mary', 0, 0, 1, 'Highball', 0, '', 0, '', '', '', ''),
	(14, 'Bramble', 0, 0, 1, 'Old Fashioned', 0, 'Crushed', 0, '', '', '', ''),
	(15, 'Caipirinha', 0, 0, 1, 'Old Fashioned', 0, 'Crushed', 0, '', '', '', ''),
	(1, 'Camparita', 1, 0, 1, 'Old Fashioned', 0, '', 0, '', '', '', ''),
	(30, 'Casino', 1, 0, 1, 'Old Fashioned', 1, '', 0, '', '', '', ''),
	(16, 'Champagne Cocktail', 0, 0, 0, 'Flute', 0, '', 0, '', '', '', ''),
	(17, 'Clover Club', 1, 0, 0, 'Cocktail', 0, '', 0, '', '', '', ''),
	(18, 'Cosmopolitan', 1, 0, 0, 'Cocktail', 0, '', 0, '', '', '', ''),
	(19, 'Cuba Libre', 0, 0, 1, 'Collins', 0, '', 0, '', '', '', ''),
	(20, 'Daiquiri', 1, 0, 0, 'Cocktail', 1, '', 0, '', '', '', ''),
	(21, 'Dark & Stormy', 0, 0, 1, 'Highball', 0, '', 0, '', '', '', ''),
	(22, 'Derby', 0, 1, 0, 'Cocktail', 0, '', 0, '', '', '', ''),
	(24, 'Fernandito', 0, 0, 1, 'Collins', 0, '', 0, '', '', '', ''),
	(23, 'Five Keys', 0, 1, 0, 'Cocktail', 1, '', 0, '', '', '', ''),
	(25, 'French 75', 1, 0, 0, 'Flute', 0, '', 0, '', '', '', ''),
	(31, 'French Connection', 0, 1, 1, 'Old Fashioned', 0, '', 0, '', '', '', ''),
	(26, 'Gin & Tonic', 0, 0, 1, 'Old Fashioned', 0, '', 0, '', '', '', ''),
	(32, 'Gin Fizz', 1, 0, 0, 'Collins', 0, '', 0, '', '', '', ''),
	(27, 'God Father', 0, 1, 1, 'Old Fashioned', 0, '', 0, '', '', '', ''),
	(28, 'God Mother', 0, 1, 1, 'Old Fashioned', 0, '', 0, '', '', '', ''),
	(29, 'Golden Dream', 1, 0, 0, 'Cocktail', 0, 'Cracked', 0, '', '', '', ''),
	(33, 'Grasshopper', 1, 0, 0, 'Cocktail', 1, '', 0, '', '', '', ''),
	(38, 'Great Silence', 1, 0, 0, 'Coupe', 0, '', 0, '', '', 'Found on reddit, published by California Gold, a bar in California', 'https://www.reddit.com/r/cocktails/comments/p8rloa/great_silence_add_mezcal_and_campari_to_your/'),
	(34, 'Harvey Wallbanger', 0, 1, 0, 'Highball', 0, '', 0, '', '', '', ''),
	(35, 'Hemingway Special', 1, 0, 0, 'Cocktail', 0, '', 0, '', '', '', ''),
	(36, 'Horse\'s Neck', 0, 1, 1, 'Highball', 0, '', 0, '', '', '', ''),
	(37, 'Illegal', 1, 0, 0, 'Cocktail', 1, '', 0, '', '', '', '');

-- Dumping structure for table crf.recipe_ingredients
CREATE TABLE IF NOT EXISTS `recipe_ingredients` (
  `id` int NOT NULL AUTO_INCREMENT,
  `recipe_id` int NOT NULL COMMENT 'FK for table recipes',
  `ingredient_id` int NOT NULL COMMENT 'FK for table ingredients',
  `quantity` float NOT NULL DEFAULT '1',
  `unit` varchar(25) CHARACTER SET utf8mb4 COLLATE utf8mb4_0900_ai_ci NOT NULL DEFAULT 'oz',
  `garnish` tinyint(1) NOT NULL DEFAULT '0',
  `recommended` varchar(25) NOT NULL DEFAULT '',
  UNIQUE KEY `recipe_id` (`recipe_id`,`ingredient_id`,`quantity`,`unit`,`garnish`) USING BTREE,
  KEY `id` (`id`)
) ENGINE=InnoDB AUTO_INCREMENT=155 DEFAULT CHARSET=utf8mb4 COLLATE=utf8mb4_0900_ai_ci;

-- Dumping data for table crf.recipe_ingredients: ~151 rows (approximately)
REPLACE INTO `recipe_ingredients` (`id`, `recipe_id`, `ingredient_id`, `quantity`, `unit`, `garnish`, `recommended`) VALUES
	(4, 1, 3, 0.5, 'oz', 0, ''),
	(5, 1, 7, 2, 'dash', 0, ''),
	(2, 1, 43, 1, 'oz', 0, ''),
	(1, 1, 61, 2, 'oz', 0, ''),
	(3, 1, 162, 0.5, 'oz', 0, ''),
	(8, 2, 369, 1, 'oz', 0, ''),
	(7, 2, 415, 1, 'oz', 0, ''),
	(6, 2, 416, 1, 'oz', 0, ''),
	(9, 3, 3, 1.5, 'oz', 0, ''),
	(11, 3, 12, 1.5, 'oz', 0, ''),
	(10, 3, 417, 2, 'oz', 0, ''),
	(14, 4, 125, 1, 'oz', 0, ''),
	(13, 4, 175, 1, 'oz', 0, ''),
	(12, 4, 416, 1, 'oz', 0, ''),
	(17, 5, 30, 0.5, 'oz', 0, ''),
	(16, 5, 42, 0.5, 'oz', 0, ''),
	(26, 5, 379, 1, 'whole', 1, ''),
	(15, 5, 416, 1.5, 'oz', 0, ''),
	(18, 6, 159, 0.5, 'oz', 0, ''),
	(19, 6, 161, 0.5, 'oz', 0, ''),
	(20, 6, 163, 0.5, 'oz', 0, ''),
	(25, 7, 18, 1, 'twist', 1, ''),
	(24, 7, 18, 1, 'wedge', 1, ''),
	(23, 7, 41, 2, 'tsp', 0, ''),
	(22, 7, 43, 0.75, 'oz', 0, ''),
	(21, 7, 57, 1.5, 'oz', 0, 'Bacardi'),
	(30, 8, 43, 0.25, 'oz', 0, ''),
	(27, 8, 89, 1.5, 'oz', 0, ''),
	(31, 8, 151, 1, 'oz', 0, ''),
	(28, 8, 181, 0.5, 'oz', 0, ''),
	(29, 8, 286, 1.5, 'oz', 0, ''),
	(35, 9, 18, 1, 'wheel', 1, ''),
	(32, 9, 63, 2, 'oz', 0, ''),
	(33, 9, 286, 3, 'oz', 0, ''),
	(34, 9, 287, 3, 'oz', 0, ''),
	(36, 10, 154, 4, 'oz', 0, ''),
	(37, 10, 418, 2, 'oz', 0, ''),
	(38, 11, 9, 1, 'oz', 0, ''),
	(42, 11, 17, 1, 'twist', 1, ''),
	(40, 11, 34, 1, 'oz', 0, ''),
	(41, 11, 42, 0.25, 'oz', 0, ''),
	(39, 11, 57, 1, 'oz', 0, ''),
	(43, 12, 63, 2, 'oz', 0, ''),
	(44, 12, 158, 1, 'oz', 0, ''),
	(47, 13, 42, 0.5, 'oz', 0, ''),
	(50, 13, 47, 2, 'dash', 0, ''),
	(45, 13, 63, 1.5, 'oz', 0, ''),
	(46, 13, 303, 3, 'oz', 0, ''),
	(49, 13, 391, 2, 'dash', 0, ''),
	(48, 13, 395, 2, 'dash', 0, ''),
	(56, 14, 17, 1, 'slice', 1, ''),
	(52, 14, 42, 0.75, 'oz', 0, ''),
	(53, 14, 50, 0.5, 'oz', 0, ''),
	(51, 14, 81, 2, 'oz', 0, ''),
	(54, 14, 170, 0.75, 'oz', 0, ''),
	(55, 14, 419, 2, 'whole', 1, ''),
	(58, 15, 18, 4, 'wedge', 0, ''),
	(57, 15, 100, 1.75, 'oz', 0, ''),
	(59, 15, 408, 2, 'tsp', 0, ''),
	(63, 16, 20, 1, 'wheel', 1, ''),
	(61, 16, 45, 3, 'dash', 0, ''),
	(60, 16, 151, 3, 'oz', 0, ''),
	(62, 16, 371, 1, 'cube', 0, ''),
	(64, 16, 379, 1, 'whole', 1, ''),
	(66, 17, 42, 0.5, 'oz', 0, ''),
	(67, 17, 333, 0.5, 'oz', 0, ''),
	(65, 17, 416, 1.5, 'oz', 0, ''),
	(68, 17, 420, 1, 'whole', 0, ''),
	(73, 18, 18, 1, 'wheel', 1, ''),
	(70, 18, 34, 0.5, 'oz', 0, ''),
	(71, 18, 43, 0.5, 'oz', 0, ''),
	(69, 18, 114, 1.5, 'oz', 0, ''),
	(72, 18, 287, 1, 'oz', 0, ''),
	(77, 19, 18, 1, 'wedge', 1, ''),
	(75, 19, 38, 3, 'oz', 0, ''),
	(76, 19, 43, 0.25, 'oz', 0, ''),
	(74, 19, 57, 1.25, 'oz', 0, ''),
	(81, 20, 18, 1, 'wedge', 1, ''),
	(79, 20, 43, 1, 'oz', 0, ''),
	(80, 20, 50, 0.75, 'oz', 0, ''),
	(78, 20, 57, 2, 'oz', 0, ''),
	(84, 21, 18, 1, 'wedge', 1, ''),
	(83, 21, 40, 4, 'oz', 0, ''),
	(82, 21, 93, 2, 'oz', 0, ''),
	(88, 22, 19, 1, 'leaf', 1, ''),
	(87, 22, 19, 2, 'leaf', 0, ''),
	(86, 22, 277, 2, 'dash', 0, ''),
	(85, 22, 416, 2, 'oz', 0, ''),
	(92, 23, 4, 0.25, 'oz', 0, ''),
	(90, 23, 12, 0.75, 'oz', 0, ''),
	(89, 23, 65, 1.5, 'oz', 0, ''),
	(91, 23, 220, 0.25, 'oz', 0, ''),
	(94, 24, 38, 6, 'oz', 0, ''),
	(93, 24, 243, 2, 'oz', 0, ''),
	(96, 25, 42, 0.5, 'oz', 0, ''),
	(98, 25, 50, 0.5, 'oz', 0, ''),
	(95, 25, 151, 2, 'oz', 0, ''),
	(97, 25, 416, 1, 'oz', 0, ''),
	(101, 26, 18, 1, 'wedge', 0, ''),
	(100, 26, 54, 2, 'oz', 1, ''),
	(99, 26, 416, 2, 'oz', 0, ''),
	(102, 27, 72, 1, 'oz', 0, ''),
	(103, 27, 187, 1, 'oz', 0, ''),
	(104, 28, 63, 1, 'oz', 0, ''),
	(105, 28, 187, 1, 'oz', 0, ''),
	(107, 29, 34, 1, 'oz', 0, ''),
	(108, 29, 45, 1, 'oz', 0, ''),
	(106, 29, 181, 1, 'oz', 0, ''),
	(109, 29, 369, 0.5, 'oz', 0, ''),
	(114, 30, 17, 1, 'twist', 1, ''),
	(111, 30, 30, 0.33, 'oz', 0, ''),
	(112, 30, 42, 0.33, 'oz', 0, ''),
	(110, 30, 83, 1.33, 'oz', 0, ''),
	(113, 30, 271, 2, 'dash', 0, ''),
	(115, 30, 379, 1, 'whole', 1, ''),
	(116, 31, 9, 1.25, 'oz', 0, ''),
	(117, 31, 186, 1.25, 'oz', 0, ''),
	(119, 32, 42, 1, 'oz', 0, ''),
	(121, 32, 51, 2.75, 'oz', 0, ''),
	(120, 32, 306, 1, 'tsp', 0, ''),
	(118, 32, 416, 1.5, 'oz', 0, ''),
	(122, 33, 169, 1, 'oz', 0, ''),
	(124, 33, 369, 1, 'oz', 0, ''),
	(123, 33, 415, 1, 'oz', 0, ''),
	(128, 34, 20, 1, 'wheel', 1, ''),
	(127, 34, 45, 3, 'oz', 0, ''),
	(125, 34, 63, 1.5, 'oz', 0, ''),
	(126, 34, 181, 0.5, 'oz', 0, ''),
	(129, 34, 379, 1, 'whole', 1, ''),
	(132, 35, 39, 0.5, 'oz', 0, ''),
	(133, 35, 43, 0.5, 'oz', 0, ''),
	(130, 35, 57, 2, 'oz', 0, ''),
	(131, 35, 282, 1.33, 'oz', 0, ''),
	(136, 36, 5, 1, 'dash', 0, ''),
	(141, 36, 5, 1, 'dash', 1, ''),
	(134, 36, 8, 1.5, 'oz', 0, ''),
	(137, 36, 42, 1, 'peel', 1, ''),
	(135, 36, 352, 4.5, 'oz', 0, ''),
	(145, 37, 30, 1, 'tsp', 0, ''),
	(146, 37, 43, 0.75, 'oz', 0, ''),
	(147, 37, 50, 0.5, 'oz', 0, ''),
	(142, 37, 59, 1, 'oz', 0, ''),
	(143, 37, 94, 0.5, 'oz', 0, ''),
	(144, 37, 317, 0.5, 'oz', 0, ''),
	(148, 37, 420, 1, 'whole', 0, ''),
	(151, 38, 3, 0.75, 'oz', 0, ''),
	(154, 38, 18, 1, 'twist', 1, ''),
	(153, 38, 30, 0.25, 'oz', 0, ''),
	(150, 38, 43, 1, 'oz', 0, ''),
	(152, 38, 46, 0.5, 'oz', 0, ''),
	(149, 38, 58, 1, 'oz', 0, '');

/*!40103 SET TIME_ZONE=IFNULL(@OLD_TIME_ZONE, 'system') */;
/*!40101 SET SQL_MODE=IFNULL(@OLD_SQL_MODE, '') */;
/*!40014 SET FOREIGN_KEY_CHECKS=IFNULL(@OLD_FOREIGN_KEY_CHECKS, 1) */;
/*!40101 SET CHARACTER_SET_CLIENT=@OLD_CHARACTER_SET_CLIENT */;
/*!40111 SET SQL_NOTES=IFNULL(@OLD_SQL_NOTES, 1) */;
