-- --------------------------------------------------------
-- Host:                         127.0.0.1
-- Server version:               PostgreSQL 15.1, compiled by Visual C++ build 1914, 64-bit
-- Server OS:                    
-- HeidiSQL Version:             12.3.0.6589
-- --------------------------------------------------------

/*!40101 SET @OLD_CHARACTER_SET_CLIENT=@@CHARACTER_SET_CLIENT */;
/*!40101 SET NAMES  */;
/*!40103 SET @OLD_TIME_ZONE=@@TIME_ZONE */;
/*!40103 SET TIME_ZONE='+00:00' */;
/*!40014 SET @OLD_FOREIGN_KEY_CHECKS=@@FOREIGN_KEY_CHECKS, FOREIGN_KEY_CHECKS=0 */;
/*!40101 SET @OLD_SQL_MODE=@@SQL_MODE, SQL_MODE='NO_AUTO_VALUE_ON_ZERO' */;
/*!40111 SET @OLD_SQL_NOTES=@@SQL_NOTES, SQL_NOTES=0 */;

-- Dumping data for table public.ingredients: 416 rows
/*!40000 ALTER TABLE "ingredients" DISABLE KEYS */;
INSERT INTO "ingredients" ("id", "name", "type", "abv", "description", "image") VALUES
	(279, '''Elemakule Tiki Bitters', 'Bitters', 45, '', ''),
	(36, 'Agave Syrup', 'Syrup', 0, '', ''),
	(111, 'Agavero', 'Tequila', 32, '', ''),
	(101, 'Aged Cachaça', 'Rum', 40, '', ''),
	(85, 'Aged Gin', 'Gin', 40, '', ''),
	(345, 'Allspice', 'Herbs & Spices', 0, '', ''),
	(165, 'Allspice Dram', 'Liqueur', 22, '', ''),
	(406, 'Almond Extract', 'Other', 0, '', ''),
	(187, 'Amaretto', 'Liqueur', 28, '', ''),
	(258, 'Amaro Abano', 'Amaro', 30, '', ''),
	(260, 'Amaro Braulio', 'Amaro', 21, '', ''),
	(261, 'Amaro CioCiaro', 'Amaro', 30, '', ''),
	(253, 'Amaro del Capo', 'Amaro', 35, '', ''),
	(252, 'Amaro del Sole Vittone', 'Amaro', 30, '', ''),
	(251, 'Amaro dell''Erborista', 'Amaro', 21, '', ''),
	(262, 'Amaro di Angostura', 'Amaro', 35, '', ''),
	(219, 'Amaro Galliano', 'Aperitif', 24, '', ''),
	(256, 'Amaro Lazzaroni', 'Amaro', 25, '', ''),
	(257, 'Amaro Lucano', 'Amaro', 28, '', ''),
	(249, 'Amaro Meletti', 'Amaro', 32, '', ''),
	(248, 'Amaro Montenegro', 'Amaro', 23, '', ''),
	(250, 'Amaro Nardini', 'Amaro', 31, '', ''),
	(1, 'Amaro Nonino', 'Amaro', 35, '', ''),
	(259, 'Amaro Ramazzotti', 'Amaro', 30, '', ''),
	(267, 'Amaro Sfumato Rabarbaro', 'Amaro', 20, '', ''),
	(254, 'Amaro Sibilla', 'Amaro', 34, '', ''),
	(138, 'Amber Beer', 'Beer', 5, '', ''),
	(197, 'Amber Vermouth', 'Vermouth', 17, '', ''),
	(223, 'Amer Picon', 'Aperitif', 21, '', ''),
	(209, 'Amontillado Sherry', 'Wine', 17, '', ''),
	(5, 'Angostura Bitters', 'Bitters', 45, '', ''),
	(183, 'Anisette', 'Liqueur', 45, '', ''),
	(2, 'Aperol', 'Aperitif', 11, '', ''),
	(123, 'Apple Brandy', 'Brandy', 40, '', ''),
	(388, 'Apple Juice', 'Juice', 0, '', ''),
	(124, 'Applejack', 'Brandy', 40, '', ''),
	(129, 'Apricot Eau de Vie', 'Brandy', 40, '', ''),
	(175, 'Apricot Liqueur', 'Liqueur', 17, '', ''),
	(329, 'Apricot Nectar', 'Syrup', 0, '', ''),
	(118, 'Aquavit', 'Aquavit', 40, '', ''),
	(365, 'Aranciata', 'Soda', 0, '', ''),
	(122, 'Armagnac', 'Brandy', 40, '', ''),
	(6, 'Aromatic Bitters', 'Bitters', 40, '', ''),
	(102, 'Arrack', 'Rum', 70, '', ''),
	(247, 'Averna', 'Amaro', 30, '', ''),
	(225, 'Avèze', 'Aperitif', 20, '', ''),
	(115, 'Baijiu', 'Baijiu', 50, '', ''),
	(372, 'Baking Soda', 'Other', 0, '', ''),
	(384, 'Balsamic Vinegar', 'Other', 0, '', ''),
	(371, 'Bar Sugar', 'Sweetener', 0, '', ''),
	(397, 'Barbecue Sauce', 'Other', 0, '', ''),
	(103, 'Batavia Arrack', 'Rum', 50, '', ''),
	(269, 'Becherovka', 'Amaro', 38, '', ''),
	(131, 'Beer', 'Beer', 5, '', ''),
	(166, 'Bénédictine', 'Liqueur', 40, '', ''),
	(200, 'Black Port', 'Wine', 18, '', ''),
	(93, 'Black Rum', 'Rum', 40, '', ''),
	(419, 'Blackberry', 'Fruit', 0, '', ''),
	(334, 'Blackberry Syrup', 'Syrup', 0, '', ''),
	(64, 'Blended Scotch Whisky', 'Whiskey', 40, '', ''),
	(280, 'Blood Orange Juice', 'Juice', 0, '', ''),
	(25, 'Blue Curaçao', 'Liqueur', 30, '', ''),
	(14, 'Blueberry', 'Fruit', 0, '', ''),
	(272, 'Bokers Bitters', 'Bitters', 31.5, '', ''),
	(238, 'Bonal Gentiane Quina', 'Aperitif', 16, '', ''),
	(22, 'Botanical Gin', 'Gin', 40, '', ''),
	(65, 'Bourbon Whiskey', 'Whiskey', 40, '', ''),
	(244, 'Branca Menta', 'Amaro', 28, '', ''),
	(8, 'Brandy', 'Brandy', 40, '', ''),
	(119, 'Brennivín', 'Brennivín', 40, '', ''),
	(407, 'Brown Sugar', 'Sweetener', 0, '', ''),
	(313, 'Brown Sugar Syrup', 'Syrup', 0, '', ''),
	(152, 'Brut', 'Wine', 12, '', ''),
	(10, 'Bruto Americano', 'Liqueur', 24, '', ''),
	(37, 'Butter', 'Dairy', 0, '', ''),
	(241, 'Byrrh', 'Aperitif', 18, '', ''),
	(100, 'Cachaça', 'Rum', 45, '', ''),
	(125, 'Calvados', 'Brandy', 40, '', ''),
	(3, 'Campari', 'Aperitif', 25, '', ''),
	(77, 'Canadian Whisky', 'Whiskey', 40, '', ''),
	(240, 'Caperitif', 'Aperitif', 18, '', ''),
	(226, 'Cappelletti Aperitivo Americano', 'Aperitif', 17, '', ''),
	(314, 'Caramel Syrup', 'Syrup', 0, '', ''),
	(266, 'Cardamaro', 'Amaro', 17, '', ''),
	(346, 'Cardamom', 'Herbs & Spices', 0, '', ''),
	(192, 'Carpano Antica', 'Vermouth', 17, '', ''),
	(302, 'Carrot Juice', 'Juice', 0, '', ''),
	(153, 'Cava', 'Wine', 12, '', ''),
	(350, 'Cayenne Pepper', 'Herbs & Spices', 0, '', ''),
	(278, 'Celery Bitters', 'Bitters', 45, '', ''),
	(301, 'Celery Juice', 'Juice', 0, '', ''),
	(151, 'Champagne', 'Wine', 12, '', ''),
	(157, 'Cheongju', 'Wine', 20, '', ''),
	(379, 'Cherry', 'Fruit', 0, '', ''),
	(128, 'Cherry Brandy', 'Brandy', 40, '', ''),
	(164, 'Cherry Heering', 'Liqueur', 24, '', ''),
	(298, 'Cherry Juice', 'Juice', 0, '', ''),
	(321, 'Cherry Syrup', 'Syrup', 0, '', ''),
	(195, 'Chianto Vermouth', 'Vermouth', 16, '', ''),
	(178, 'Chili Liqueur', 'Liqueur', 40, '', ''),
	(349, 'Chili Powder', 'Herbs & Spices', 0, '', ''),
	(268, 'China-China Amer', 'Amaro', 40, '', ''),
	(409, 'Chocolate', 'Dairy', 0, '', ''),
	(274, 'Chocolate Bitters', 'Bitters', 45, '', ''),
	(398, 'Cilantro', 'Herbs & Spices', 0, '', ''),
	(342, 'Cinnamon', 'Herbs & Spices', 0, '', ''),
	(316, 'Cinnamon Bark Syrup', 'Syrup', 0, '', ''),
	(114, 'Citrus Vodka', 'Vodka', 40, '', ''),
	(305, 'Clamato', 'Juice', 0, '', ''),
	(343, 'Clove', 'Herbs & Spices', 0, '', ''),
	(417, 'Club Soda', 'Soda', 0, '', ''),
	(233, 'Cocchi Americano Bianco', 'Aperitif', 17, '', ''),
	(234, 'Cocchi Americano Rosa', 'Aperitif', 17, '', ''),
	(235, 'Cocchi Barolo Chinato', 'Aperitif', 16, '', ''),
	(193, 'Cochi di Torino', 'Vermouth', 16, '', ''),
	(405, 'Cocktail Onion', 'Vegetable', 0, '', ''),
	(410, 'Coconut', 'Fruit', 0, '', ''),
	(411, 'Coconut Cream', 'Other', 0, '', ''),
	(104, 'Coconut Rum', 'Rum', 40, '', ''),
	(413, 'Coconut Water', 'Other', 0, '', ''),
	(375, 'Coffee', 'Coffee', 0, '', ''),
	(158, 'Coffee Liqueur', 'Liqueur', 25, '', ''),
	(315, 'Coffee Syrup', 'Syrup', 0, '', ''),
	(9, 'Cognac', 'Brandy', 40, '', ''),
	(162, 'Cointreau', 'Liqueur', 40, '', ''),
	(38, 'Coke', 'Soda', 0, '', ''),
	(214, 'Contratto', 'Aperitif', 13.5, '', ''),
	(215, 'Contratto Bitter', 'Aperitif', 22, '', ''),
	(348, 'Coriander Seeds', 'Herbs & Spices', 0, '', ''),
	(66, 'Corn Whiskey', 'Whiskey', 40, '', ''),
	(287, 'Cranberry Juice', 'Juice', 0, '', ''),
	(412, 'Cream of Coconut', 'Other', 0, '', ''),
	(211, 'Cream Sherry', 'Wine', 18, '', ''),
	(364, 'Cream Soda', 'Soda', 0, '', ''),
	(173, 'Crème de Banane', 'Liqueur', 17, '', ''),
	(415, 'Crème de Cacao', 'Liqueur', 25, '', ''),
	(172, 'Crème de Cassis', 'Liqueur', 20, '', ''),
	(171, 'Crème de Framboise', 'Liqueur', 20, '', ''),
	(169, 'Crème de Menthe', 'Liqueur', 24, '', ''),
	(170, 'Crème de Mûre', 'Liqueur', 20, '', ''),
	(176, 'Crème de Pampelmousse', 'Liqueur', 17, '', ''),
	(177, 'Crème de Pêche', 'Liqueur', 17, '', ''),
	(26, 'Crème de Violette', 'Liqueur', 22, '', ''),
	(174, 'Crème Yvette', 'Liqueur', 28, '', ''),
	(404, 'Crystallized Ginger', 'Other', 0, '', ''),
	(15, 'Cucumber', 'Fruit', 0, '', ''),
	(27, 'Curaçao', 'Liqueur', 30, '', ''),
	(4, 'Cynar', 'Amaro', 16.5, '', ''),
	(136, 'Dark Ale', 'Beer', 6, '', ''),
	(92, 'Dark Jamaican Rum', 'Rum', 40, '', ''),
	(95, 'Dark Overproof Rum', 'Rum', 60, '', ''),
	(90, 'Dark Rum', 'Rum', 40, '', ''),
	(97, 'Dark Spiced Rum', 'Rum', 40, '', ''),
	(91, 'Demerara Rum', 'Rum', 40, '', ''),
	(408, 'Demerara Sugar', 'Sweetener', 0, '', ''),
	(310, 'Demerara Syrup', 'Syrup', 0, '', ''),
	(186, 'Disaronno', 'Liqueur', 28, '', ''),
	(216, 'Dolin Bitter', 'Aperitif', 16, '', ''),
	(188, 'Domaine de Canton', 'Liqueur', 28, '', ''),
	(362, 'Dr. Pepper', 'Soda', 0, '', ''),
	(189, 'Drambuie', 'Liqueur', 40, '', ''),
	(23, 'Dry Gin', 'Gin', 40, '', ''),
	(11, 'Dry Vermouth', 'Vermouth', 17, '', ''),
	(232, 'Dubonnet Blanc', 'Aperitif', 15, '', ''),
	(231, 'Dubonnet Rouge', 'Aperitif', 15, '', ''),
	(126, 'Eau de Vie', 'Brandy', 40, '', ''),
	(39, 'Egg', 'Other', 0, '', ''),
	(28, 'Elderflower Liqueur', 'Liqueur', 20, '', ''),
	(263, 'Elisir Novasalus', 'Amaro', 16, '', ''),
	(376, 'Espresso', 'Coffee', 0, '', ''),
	(160, 'Espresso Liqueur', 'Liqueur', 30, '', ''),
	(121, 'Everclear', 'Spirit', 80, '', ''),
	(191, 'Extra Dry Vermouth', 'Vermouth', 17, '', ''),
	(317, 'Falernum', 'Syrup', 0, '', ''),
	(245, 'Fernet Vallet', 'Amaro', 35, '', ''),
	(243, 'Fernet-Branca', 'Amaro', 39, '', ''),
	(206, 'Fino Sherry', 'Wine', 17, '', ''),
	(387, 'Fruit Preserve', 'Fruit', 0, '', ''),
	(181, 'Galliano L''autentico', 'Liqueur', 42, '', ''),
	(84, 'Genever', 'Gin', 35, '', ''),
	(416, 'Gin', 'Gin', 40, '', ''),
	(16, 'Ginger', 'Root', 0, '', ''),
	(352, 'Ginger Ale', 'Soda', 0, '', ''),
	(40, 'Ginger Beer', 'Soda', 0, '', ''),
	(312, 'Ginger Syrup', 'Syrup', 0, '', ''),
	(242, 'Ginger Wine', 'Aperitif', 16, '', ''),
	(89, 'Gold Rum', 'Rum', 40, '', ''),
	(306, 'Gomme Syrup', 'Syrup', 0, '', ''),
	(135, 'Gose', 'Beer', 5, '', ''),
	(221, 'Gran Classico Bitter', 'Aperitif', 28, '', ''),
	(163, 'Grand Marnier', 'Liqueur', 40, '', ''),
	(288, 'Grape Juice', 'Juice', 0, '', ''),
	(281, 'Grapefruit', 'Fruit', 0, '', ''),
	(7, 'Grapefruit Bitters', 'Bitters', 40, '', ''),
	(282, 'Grapefruit Juice', 'Juice', 0, '', ''),
	(354, 'Grapefruit Soda', 'Soda', 0, '', ''),
	(29, 'Green Chartreuse', 'Liqueur', 55, '', ''),
	(41, 'Grenadine', 'Syrup', 0, '', ''),
	(330, 'Guava Nectar', 'Syrup', 0, '', ''),
	(351, 'Habanero Pepper', 'Herbs & Spices', 0, '', ''),
	(368, 'Half-and-Half', 'Dairy', 0, '', ''),
	(141, 'Hard Cider', 'Cider', 5, '', ''),
	(369, 'Heavy Cream', 'Dairy', 0, '', ''),
	(319, 'Hibiscus Syrup', 'Syrup', 0, '', ''),
	(167, 'Honey Liqueur', 'Liqueur', 35, '', ''),
	(307, 'Honey Syrup', 'Syrup', 0, '', ''),
	(396, 'Horseradish', 'Vegetable', 0, '', ''),
	(377, 'Hot Chocolate', 'Dairy', 0, '', ''),
	(391, 'Hot Sauce', 'Other', 0, '', ''),
	(142, 'Ice Cider', 'Cider', 5, '', ''),
	(373, 'Ice Cream', 'Dairy', 0, '', ''),
	(149, 'Ice Wine', 'Wine', 12, '', ''),
	(139, 'IPA', 'Beer', 6, '', ''),
	(161, 'Irish Cream', 'Liqueur', 17, '', ''),
	(67, 'Irish Whiskey', 'Whiskey', 40, '', ''),
	(255, 'Jägermeister', 'Amaro', 35, '', ''),
	(68, 'Japanese Whisky', 'Whiskey', 40, '', ''),
	(159, 'Kahlúa', 'Liqueur', 20, '', ''),
	(236, 'Kina l''Aero d''Or', 'Aperitif', 18, '', ''),
	(127, 'Kirsch Eau de Vie', 'Brandy', 40, '', ''),
	(182, 'Kümmel', 'Liqueur', 37, '', ''),
	(326, 'Kumquat Syrup', 'Syrup', 0, '', ''),
	(366, 'La Croix', 'Soda', 0, '', ''),
	(17, 'Lemon', 'Fruit', 0, '', ''),
	(42, 'Lemon Juice', 'Juice', 0, '', ''),
	(355, 'Lemon Lime Soda', 'Soda', 0, '', ''),
	(357, 'Lemon Soda', 'Soda', 0, '', ''),
	(327, 'Lemon Syrup', 'Syrup', 0, '', ''),
	(180, 'Licor 43', 'Liqueur', 31, '', ''),
	(94, 'Light Overproof Rum', 'Rum', 60, '', ''),
	(57, 'Light Rum', 'Rum', 40, '', ''),
	(228, 'Lillet Blanc', 'Aperitif', 17, '', ''),
	(229, 'Lillet Rosé', 'Aperitif', 17, '', ''),
	(230, 'Lillet Rouge', 'Aperitif', 17, '', ''),
	(18, 'Lime', 'Fruit', 0, '', ''),
	(320, 'Lime Cordial', 'Syrup', 0, '', ''),
	(43, 'Lime Juice', 'Juice', 0, '', ''),
	(356, 'Lime Soda', 'Soda', 0, '', ''),
	(358, 'Limonada', 'Soda', 0, '', ''),
	(179, 'Limoncello', 'Liqueur', 30, '', ''),
	(185, 'Liquore Strega', 'Liqueur', 40, '', ''),
	(80, 'London Dry Gin', 'Gin', 40, '', ''),
	(220, 'Luxardo Bitter', 'Aperitif', 25, '', ''),
	(212, 'Madeira', 'Wine', 17, '', ''),
	(120, 'Malört', 'Malört', 40, '', ''),
	(296, 'Mango Juice', 'Juice', 0, '', ''),
	(207, 'Manzanilla Sherry', 'Wine', 17, '', ''),
	(309, 'Maple Syrup', 'Syrup', 0, '', ''),
	(79, 'Maple Whiskey', 'Whiskey', 35, '', ''),
	(30, 'Maraschino Liqueur', 'Liqueur', 32, '', ''),
	(237, 'Maurin Quina', 'Aperitif', 16, '', ''),
	(143, 'Mead', 'Mead', 6, '', ''),
	(218, 'Meletti 1870 Bitter', 'Aperitif', 25, '', ''),
	(58, 'Mezcal', 'Mezcal', 40, '', ''),
	(109, 'Mezcal Añejo', 'Mezcal', 40, '', ''),
	(110, 'Mezcal Blanco', 'Mezcal', 40, '', ''),
	(59, 'Mezcal Joven', 'Mezcal', 40, '', ''),
	(60, 'Mezcal Reposado', 'Mezcal', 40, '', ''),
	(44, 'Milk', 'Dairy', 0, '', ''),
	(19, 'Mint', 'Herbs & Spices', 0, '', ''),
	(337, 'Mint Syrup', 'Syrup', 0, '', ''),
	(323, 'Molasses', 'Syrup', 0, '', ''),
	(78, 'Moonshine', 'Whiskey', 60, '', ''),
	(361, 'Mountain Dew', 'Soda', 0, '', ''),
	(393, 'Mustard', 'Other', 0, '', ''),
	(82, 'Navy Strength Gin', 'Gin', 57, '', ''),
	(87, 'New Wave Gin', 'Gin', 40, '', ''),
	(341, 'Nutmeg', 'Herbs & Spices', 0, '', ''),
	(347, 'Old Bay', 'Herbs & Spices', 0, '', ''),
	(276, 'Old Fashioned Bitters', 'Bitters', 18, '', ''),
	(83, 'Old Tom Gin', 'Gin', 40, '', ''),
	(284, 'Oleo-Saccharum', 'Syrup', 0, '', ''),
	(299, 'Olive Juice', 'Juice', 0, '', ''),
	(208, 'Oloroso Sherry', 'Wine', 20, '', ''),
	(20, 'Orange', 'Fruit', 0, '', ''),
	(271, 'Orange Bitters', 'Bitters', 45, '', ''),
	(31, 'Orange Curaçao', 'Liqueur', 25, '', ''),
	(401, 'Orange Flower Water', 'Other', 0, '', ''),
	(45, 'Orange Juice', 'Juice', 0, '', ''),
	(325, 'Orange Marmalade Syrup', 'Syrup', 0, '', ''),
	(359, 'Orange Soda', 'Soda', 0, '', ''),
	(145, 'Orange Wine', 'Wine', 12, '', ''),
	(46, 'Orgeat Syrup', 'Syrup', 0, '', ''),
	(134, 'Pale Ale', 'Beer', 5, '', ''),
	(210, 'Palo Cortado Sherry', 'Wine', 20, '', ''),
	(217, 'Pampelle L''Apero', 'Aperitif', 15, '', ''),
	(331, 'Papaya Nectar', 'Syrup', 0, '', ''),
	(403, 'Passion Fruit', 'Fruit', 0, '', ''),
	(291, 'Passion Fruit Juice', 'Juice', 0, '', ''),
	(324, 'Passion Fruit Syrup', 'Syrup', 0, '', ''),
	(277, 'Peach Bitters', 'Bitters', 40, '', ''),
	(293, 'Peach Juice', 'Juice', 0, '', ''),
	(332, 'Peach Nectar', 'Syrup', 0, '', ''),
	(418, 'Peach Purée', 'Fruit', 0, '', ''),
	(385, 'Peanut Butter', 'Other', 0, '', ''),
	(130, 'Pear Eau de Vie', 'Brandy', 40, '', ''),
	(292, 'Pear Juice', 'Juice', 0, '', ''),
	(168, 'Pear Liqueur', 'Liqueur', 17, '', ''),
	(69, 'Peated Scotch Whisky', 'Whiskey', 40, '', ''),
	(213, 'Pedro Ximénez Sherry', 'Wine', 18, '', ''),
	(47, 'Pepper', 'Herbs & Spices', 0, '', ''),
	(184, 'Pernod', 'Liqueur', 40, '', ''),
	(155, 'Pét-Nat', 'Wine', 12, '', ''),
	(270, 'Peychaud''s Bitters', 'Bitters', 35, '', ''),
	(381, 'Pickle', 'Vegetable', 0, '', ''),
	(300, 'Pickle Juice', 'Juice', 0, '', ''),
	(133, 'Pilsner', 'Beer', 5, '', ''),
	(402, 'Pineapple', 'Fruit', 0, '', ''),
	(286, 'Pineapple Juice', 'Juice', 0, '', ''),
	(105, 'Pineapple Rum', 'Rum', 40, '', ''),
	(322, 'Pineapple Syrup', 'Syrup', 0, '', ''),
	(86, 'Pink Gin', 'Gin', 35, '', ''),
	(294, 'Plum Juice', 'Juice', 0, '', ''),
	(81, 'Plymouth Gin', 'Gin', 40, '', ''),
	(48, 'Pomegranate Juice', 'Juice', 0, '', ''),
	(32, 'Pomegranate Liqueur', 'Liqueur', 17, '', ''),
	(199, 'Port', 'Wine', 18, '', ''),
	(154, 'Prosecco', 'Wine', 12, '', ''),
	(338, 'Pumpkin Spice Syrup', 'Syrup', 0, '', ''),
	(196, 'Punte E Mes', 'Vermouth', 16, '', ''),
	(339, 'Quinine Syrup', 'Syrup', 0, '', ''),
	(222, 'Rando Aperitivo Bio', 'Aperitif', 15, '', ''),
	(333, 'Raspberry Syrup', 'Syrup', 0, '', ''),
	(367, 'Red Bull', 'Soda', 0, '', ''),
	(363, 'Red Rock', 'Soda', 0, '', ''),
	(74, 'Red Wine', 'Wine', 14, '', ''),
	(98, 'Rhum Agricole Blanc', 'Rum', 45, '', ''),
	(99, 'Rhum Agricole Vieux', 'Rum', 45, '', ''),
	(156, 'Rice Wine', 'Wine', 20, '', ''),
	(353, 'Root Beer', 'Soda', 0, '', ''),
	(144, 'Rosé', 'Wine', 12, '', ''),
	(203, 'Rosé Port', 'Wine', 18, '', ''),
	(340, 'Rose Syrup', 'Syrup', 0, '', ''),
	(198, 'Rosé Vermouth', 'Vermouth', 17, '', ''),
	(21, 'Rosemary', 'Herbs & Spices', 0, '', ''),
	(336, 'Rosemary Syrup', 'Syrup', 0, '', ''),
	(202, 'Ruby Port', 'Wine', 20, '', ''),
	(71, 'Rye Whiskey', 'Whiskey', 40, '', ''),
	(132, 'Saison', 'Beer', 5, '', ''),
	(75, 'Sake', 'Sake', 16, '', ''),
	(239, 'Salera Gentiane', 'Aperitif', 16, '', ''),
	(49, 'Salt', 'Spice', 0, '', ''),
	(335, 'Sarsaparilla Syrup', 'Syrup', 0, '', ''),
	(72, 'Scotch Whisky', 'Whiskey', 40, '', ''),
	(205, 'Sherry', 'Wine', 17, '', ''),
	(117, 'Shōchū', 'Shōchū', 25, '', ''),
	(50, 'Simple Syrup', 'Syrup', 0, '', ''),
	(70, 'Single Malt Scotch Whisky', 'Whiskey', 40, '', ''),
	(24, 'Sloe Gin', 'Gin', 30, '', ''),
	(51, 'Soda Water', 'Soda', 0, '', ''),
	(285, 'Soft Cider', 'Cider', 0, '', ''),
	(116, 'Soju', 'Soju', 20, '', ''),
	(112, 'Sotol', 'Tequila', 38, '', ''),
	(140, 'Sour', 'Beer', 5, '', ''),
	(190, 'Southern Comfort', 'Liqueur', 35, '', ''),
	(52, 'Soy Sauce', 'Additive', 0, '', ''),
	(148, 'Sparkling Rosé', 'Wine', 12, '', ''),
	(53, 'Sparkling Water', 'Soda', 0, '', ''),
	(150, 'Sparkling Wine', 'Wine', 12, '', ''),
	(96, 'Spiced Rum', 'Rum', 40, '', ''),
	(360, 'Sprite', 'Soda', 0, '', ''),
	(392, 'Sriracha', 'Other', 0, '', ''),
	(33, 'St-Germain', 'Liqueur', 20, '', ''),
	(344, 'Star Anise', 'Herbs & Spices', 0, '', ''),
	(137, 'Stout', 'Beer', 8, '', ''),
	(295, 'Strawberry Juice', 'Juice', 0, '', ''),
	(328, 'Strawberry Syrup', 'Syrup', 0, '', ''),
	(106, 'Stroh', 'Rum', 60, '', ''),
	(224, 'Suze', 'Aperitif', 15, '', ''),
	(12, 'Sweet Vermouth', 'Vermouth', 17, '', ''),
	(146, 'Sweet Wine', 'Wine', 12, '', ''),
	(201, 'Tawny Port', 'Wine', 20, '', ''),
	(386, 'Tea', 'Tea', 0, '', ''),
	(61, 'Tequila', 'Tequila', 40, '', ''),
	(107, 'Tequila Añejo', 'Tequila', 40, '', ''),
	(62, 'Tequila Blanco', 'Tequila', 40, '', ''),
	(108, 'Tequila Extra Añejo', 'Tequila', 40, '', ''),
	(399, 'Thyme', 'Herbs & Spices', 0, '', ''),
	(147, 'Tokaji Aszú', 'Wine', 12, '', ''),
	(380, 'Tomato', 'Fruit', 0, '', ''),
	(303, 'Tomato Juice', 'Juice', 0, '', ''),
	(54, 'Tonic Water', 'Soda', 0, '', ''),
	(34, 'Triple Sec', 'Liqueur', 25, '', ''),
	(246, 'Underberg', 'Amaro', 44, '', ''),
	(265, 'Unicum', 'Amaro', 40, '', ''),
	(304, 'V8', 'Juice', 0, '', ''),
	(378, 'Vanilla Extract', 'Herbs & Spices', 0, '', ''),
	(374, 'Vanilla Ice Cream', 'Dairy', 0, '', ''),
	(311, 'Vanilla Syrup', 'Syrup', 0, '', ''),
	(55, 'Velvet Falernum', 'Liqueur', 11, '', ''),
	(227, 'Vergano Americano', 'Aperitif', 16, '', ''),
	(13, 'Vermouth', 'Vermouth', 17, '', ''),
	(383, 'Vinegar', 'Other', 0, '', ''),
	(318, 'Violet Syrup', 'Syrup', 0, '', ''),
	(63, 'Vodka', 'Vodka', 40, '', ''),
	(56, 'Water', 'Other', 0, '', ''),
	(297, 'Watermelon Juice', 'Juice', 0, '', ''),
	(370, 'Whipped Cream', 'Dairy', 0, '', ''),
	(73, 'Whiskey', 'Whiskey', 40, '', ''),
	(275, 'Whiskey Barrel-Aged Bitters', 'Bitters', 18, '', ''),
	(204, 'White Port', 'Wine', 17, '', ''),
	(194, 'White Vermouth', 'Vermouth', 17, '', ''),
	(76, 'White Wine', 'Wine', 14, '', ''),
	(395, 'Worcestershire Sauce', 'Other', 0, '', ''),
	(273, 'Xocolatl Mole Bitters', 'Bitters', 53, '', ''),
	(35, 'Yellow Chartreuse', 'Liqueur', 43, '', ''),
	(283, 'Yuzu Juice', 'Juice', 0, '', ''),
	(113, 'Żubrówka', 'Vodka', 40, '', ''),
	(264, 'Zucca Rabarbaro Amaro', 'Amaro', 30, '', ''),
	(382, 'Olive', 'Fruit', 0, '', ''),
	(421, 'Raspberry Liqueur', 'Liqueur', 15, '', ''),
	(422, 'Chambord', 'Liqueur', 16.5, '', ''),
	(423, 'Absinthe', 'Absinthe', 0, '', ''),
	(424, 'Pisco', 'Brandy', 40, '', ''),
	(420, 'Egg White', 'Other', 0, '', ''),
	(425, 'Peach Liqueur', 'Liqueuer', 0, '', '');
/*!40000 ALTER TABLE "ingredients" ENABLE KEYS */;

-- Dumping data for table public.recipes: 108 rows
/*!40000 ALTER TABLE "recipes" DISABLE KEYS */;
INSERT INTO "recipes" ("id", "name", "shaken", "stirred", "rocks", "glass", "chilled", "ice", "double_strain", "description", "directions", "notes", "url") VALUES
	(2, 'Alexander', 1, 0, 0, 'Cocktail', 0, '', 0, '', '', '', ''),
	(3, 'Americano', 0, 0, 1, 'Old Fashioned', 0, '', 0, '', '', '', ''),
	(4, 'Angel Face', 1, 0, 0, 'Cocktail', 0, '', 0, '', '', '', ''),
	(5, 'Aviation', 1, 0, 0, 'Coupe', 0, '', 0, '', '', '', ''),
	(6, 'B-52', 0, 0, 0, 'Shot', 0, '', 0, '', '', '', ''),
	(7, 'Bacardi', 1, 0, 0, 'Cocktail', 0, '', 0, '', '', '', ''),
	(8, 'Barracuda', 1, 0, 1, 'Highball', 0, '', 0, '', '', '', ''),
	(9, 'Bay Breeze', 1, 0, 1, 'Highball', 0, '', 0, '', '', '', ''),
	(10, 'Bellini', 0, 0, 0, 'Flute', 0, '', 0, '', '', '', ''),
	(11, 'Between the Sheets', 1, 0, 0, 'Martini', 0, '', 0, '', '', '', ''),
	(12, 'Black Russian', 0, 0, 1, 'Old Fashioned', 0, '', 0, '', '', '', ''),
	(13, 'Bloody Mary', 0, 0, 1, 'Highball', 0, '', 0, '', '', '', ''),
	(14, 'Bramble', 0, 0, 1, 'Old Fashioned', 0, 'Crushed', 0, '', '', '', ''),
	(15, 'Caipirinha', 0, 0, 1, 'Old Fashioned', 0, 'Crushed', 0, '', '', '', ''),
	(1, 'Camparita', 1, 0, 1, 'Old Fashioned', 0, '', 0, '', '', '', ''),
	(30, 'Casino', 1, 0, 1, 'Old Fashioned', 1, '', 0, '', '', '', ''),
	(16, 'Champagne Cocktail', 0, 0, 0, 'Flute', 0, '', 0, '', '', '', ''),
	(17, 'Clover Club', 1, 0, 0, 'Cocktail', 0, '', 0, '', '', '', ''),
	(18, 'Cosmopolitan', 1, 0, 0, 'Cocktail', 0, '', 0, '', '', '', ''),
	(19, 'Cuba Libre', 0, 0, 1, 'Collins', 0, '', 0, '', '', '', ''),
	(20, 'Daiquiri', 1, 0, 0, 'Cocktail', 1, '', 0, '', '', '', ''),
	(21, 'Dark & Stormy', 0, 0, 1, 'Highball', 0, '', 0, '', '', '', ''),
	(22, 'Derby', 0, 1, 0, 'Cocktail', 0, '', 0, '', '', '', ''),
	(24, 'Fernandito', 0, 0, 1, 'Collins', 0, '', 0, '', '', '', ''),
	(23, 'Five Keys', 0, 1, 0, 'Cocktail', 1, '', 0, '', '', '', ''),
	(25, 'French 75', 1, 0, 0, 'Flute', 0, '', 0, '', '', '', ''),
	(31, 'French Connection', 0, 1, 1, 'Old Fashioned', 0, '', 0, '', '', '', ''),
	(26, 'Gin & Tonic', 0, 0, 1, 'Old Fashioned', 0, '', 0, '', '', '', ''),
	(32, 'Gin Fizz', 1, 0, 0, 'Collins', 0, '', 0, '', '', '', ''),
	(27, 'God Father', 0, 1, 1, 'Old Fashioned', 0, '', 0, '', '', '', ''),
	(28, 'God Mother', 0, 1, 1, 'Old Fashioned', 0, '', 0, '', '', '', ''),
	(29, 'Golden Dream', 1, 0, 0, 'Cocktail', 0, 'Cracked', 0, '', '', '', ''),
	(33, 'Grasshopper', 1, 0, 0, 'Cocktail', 1, '', 0, '', '', '', ''),
	(38, 'Great Silence', 1, 0, 0, 'Coupe', 0, '', 0, '', '', 'Found on reddit, published by California Gold, a bar in California', 'https://www.reddit.com/r/cocktails/comments/p8rloa/great_silence_add_mezcal_and_campari_to_your/'),
	(34, 'Harvey Wallbanger', 0, 1, 0, 'Highball', 0, '', 0, '', '', '', ''),
	(35, 'Hemingway Special', 1, 0, 0, 'Cocktail', 0, '', 0, '', '', '', ''),
	(36, 'Horse''s Neck', 0, 1, 1, 'Highball', 0, '', 0, '', '', '', ''),
	(37, 'Illegal', 1, 0, 0, 'Coupe', 1, '', 0, '', '', '', ''),
	(39, 'Alabazam', 1, 0, 0, 'Coupe', 1, '', 0, '', '', '', ''),
	(40, 'Berlioni', 0, 1, 1, 'Old Fashioned', 1, '', 0, '', '', '', ''),
	(41, 'Boulevardier', 0, 1, 0, 'Coupe', 0, '', 0, '', '', '', ''),
	(42, 'Boulevardier, Rye', 0, 1, 0, 'Old Fashioned', 0, '', 0, '', '', '', ''),
	(43, 'Celine Fizz', 1, 0, 0, 'Fizz Glass', 0, '', 1, '', '', '', ''),
	(44, 'Champs-Élysées', 1, 0, 0, 'Coupe', 0, '', 0, '', '', '', ''),
	(45, 'Chelsea Smile', 1, 0, 0, 'Cocktail', 1, '', 0, '', '', '', ''),
	(46, 'Double Fill-Up', 1, 0, 0, 'Coupe', 0, '', 1, '', '', '', ''),
	(47, 'Easy Street', 1, 0, 0, 'Collins', 1, '', 0, '', '', '', ''),
	(48, 'Fitzgerald', 1, 0, 0, 'Old Fashioned', 0, '', 0, '', '', '', ''),
	(49, 'French Maid', 1, 0, 1, 'Collins', 1, '', 0, '', '', '', ''),
	(50, 'Gordon''s Cup', 1, 0, 1, 'Old Fashioned', 0, 'Cracked', 0, '', '', '', ''),
	(51, 'Gypsy', 1, 0, 0, 'Cocktail', 0, '', 0, '', '', '', ''),
	(52, 'Jasmine', 1, 0, 0, 'Coupe', 1, '', 0, '', '', '', ''),
	(53, 'Manhattan', 0, 1, 0, 'Cocktail', 1, '', 0, '', '', '', ''),
	(54, 'Manhattan, Dry', 0, 1, 0, 'Cocktail', 1, '', 0, '', '', '', ''),
	(55, 'Margarita', 1, 0, 0, 'Cocktail', 0, '', 0, '', '', '', ''),
	(56, 'Martini', 0, 1, 0, 'Martini', 0, '', 0, '', '', '', ''),
	(57, 'Mojito', 0, 0, 1, 'Collins', 0, 'Cracked', 0, '', '', '', ''),
	(58, 'Moscow Mule', 0, 0, 1, 'Copper Mug', 0, '', 0, '', '', '', ''),
	(59, 'New York Sour', 1, 0, 1, 'Old Fashioned', 1, '', 0, '', '', '', ''),
	(60, 'Only to Consider', 0, 1, 0, 'Coupe', 1, '', 0, '', '', '', ''),
	(61, 'Rosemary Tannenbaum', 1, 0, 0, 'Cocktail', 0, '', 0, '', '', '', ''),
	(62, 'Saketini', 0, 1, 0, 'Martini', 1, '', 0, '', '', '', ''),
	(63, 'Shanghai Buck', 0, 0, 1, 'Collins', 0, '', 0, '', '', '', ''),
	(64, 'Sidecar', 1, 0, 0, 'Cocktail', 0, '', 0, '', '', '', ''),
	(65, 'End of the Road', 0, 1, 0, 'Coupe', 0, '', 0, '', '', '', ''),
	(66, 'Water Lily', 1, 0, 0, 'Coupe', 1, '', 0, '', '', '', ''),
	(67, 'Wild Eyed Rose', 1, 0, 1, 'Old Fashioned', 1, '', 0, '', '', '', ''),
	(68, 'Glasgow Mule', 0, 0, 1, 'Copper Mug', 0, 'Crushed', 0, '', '', '', ''),
	(69, 'Irish Coffee', 0, 0, 0, 'Mug', 0, '', 0, '', '', '', ''),
	(70, 'Kamikaze', 1, 0, 0, 'Cocktail', 0, '', 0, '', '', '', ''),
	(71, 'Kir', 0, 0, 0, 'Wine Glass', 0, '', 0, '', '', '', ''),
	(72, 'Lemon Drop', 1, 0, 0, 'Cocktail', 1, '', 0, '', '', '', ''),
	(73, 'Long Island Ice Tea', 0, 1, 0, 'Highball', 0, '', 0, '', '', '', ''),
	(74, 'Martini, Espresso', 1, 0, 0, 'Martini', 1, '', 0, '', '', '', ''),
	(75, 'Martini, French', 1, 0, 0, 'Martini', 1, '', 0, '', '', '', ''),
	(76, 'Martini, Vodka', 1, 0, 0, 'Martini', 1, '', 0, '', '', '', ''),
	(77, 'Mary Pickford', 1, 0, 0, 'Coupe', 1, '', 0, '', '', '', ''),
	(78, 'Mimosa', 0, 0, 0, 'Flute', 0, '', 0, '', '', '', ''),
	(79, 'Mint Julep', 0, 1, 0, 'Highball', 1, '', 0, '', '', '', ''),
	(80, 'Monkey Gland', 1, 0, 0, 'Cocktail', 1, '', 0, '', '', '', ''),
	(81, 'Negroni', 0, 0, 1, 'Old Fashioned', 0, '', 0, '', '', '', ''),
	(82, 'Old Fashioned', 0, 0, 1, 'Old Fashioned', 0, '', 0, '', '', '', ''),
	(83, 'Paradise', 1, 0, 0, 'Cocktail', 0, '', 0, '', '', '', ''),
	(84, 'Piña Colada', 0, 0, 0, 'Poco Grande', 1, '', 0, '', '', '', ''),
	(85, 'Pisco Sour', 1, 0, 0, 'Cocktail', 0, '', 0, '', '', '', ''),
	(86, 'Planter''s Punch', 1, 0, 1, 'Poco Grande', 0, '', 0, '', '', '', ''),
	(87, 'Porto Flip', 1, 0, 0, 'Cocktail', 0, '', 0, '', '', '', ''),
	(88, 'Ramos Gin Fizz', 1, 0, 0, 'Collins', 0, '', 0, '', '', '', ''),
	(89, 'Rose', 1, 0, 0, 'Cocktail', 1, '', 0, '', '', '', ''),
	(90, 'Russian Spring Punch', 0, 1, 1, 'Highball', 1, '', 0, '', '', '', ''),
	(91, 'Rusty Nail', 0, 1, 1, 'Old Fashioned', 0, '', 0, '', '', '', ''),
	(92, 'Sazerac', 0, 1, 0, 'Old Fashioned', 1, '', 0, '', '', '', ''),
	(93, 'Screwdriver', 0, 1, 1, 'Highball', 0, '', 0, '', '', '', ''),
	(94, 'Sea-Breeze', 0, 1, 1, 'Highball', 0, '', 0, '', '', '', ''),
	(95, 'Sex on the Beach', 0, 0, 1, 'Highball', 0, '', 0, '', '', '', ''),
	(96, 'Singapore Sling', 1, 0, 1, 'Highball', 0, '', 0, '', '', '', ''),
	(97, 'Spritz Veneziano', 0, 0, 1, 'Cocktail', 0, '', 0, '', '', '', ''),
	(98, 'Stinger', 0, 1, 1, 'Old Fashioned', 0, '', 0, '', '', '', ''),
	(99, 'Tequila Sunrise', 0, 0, 1, 'Highball', 1, '', 0, '', '', '', ''),
	(100, 'Tuxedo', 0, 1, 0, 'Cocktail', 0, '', 0, '', '', '', ''),
	(101, 'Vampiro', 0, 0, 1, 'Highball', 0, '', 0, '', '', '', ''),
	(102, 'Vesper', 1, 0, 0, 'Coupe', 0, '', 0, '', '', '', ''),
	(103, 'Vodka Tonic', 0, 1, 1, 'Old Fashioned', 0, '', 0, '', '', '', ''),
	(104, 'Gin Rickey', 0, 1, 1, 'Highball', 0, '', 0, '', '', '', ''),
	(105, 'Whiskey Sour', 1, 0, 1, 'Old Fashioned', 0, '', 0, '', '', '', ''),
	(106, 'White Lady', 1, 0, 0, 'Martini', 1, '', 0, '', '', '', ''),
	(107, 'White Russian', 0, 0, 1, 'Old Fashioned', 0, '', 0, '', '', '', ''),
	(108, 'Yellow Bird', 1, 0, 0, 'Cocktail', 1, '', 0, '', '', '', '');
/*!40000 ALTER TABLE "recipes" ENABLE KEYS */;

-- Dumping data for table public.recipe_ingredients: 490 rows
/*!40000 ALTER TABLE "recipe_ingredients" DISABLE KEYS */;
INSERT INTO "recipe_ingredients" ("id", "recipe_id", "ingredient_id", "quantity", "unit", "garnish", "recommended") VALUES
	(4, 1, 3, 0.5, 'oz', 0, ''),
	(5, 1, 7, 2, 'dash', 0, ''),
	(2, 1, 43, 1, 'oz', 0, ''),
	(1, 1, 61, 2, 'oz', 0, ''),
	(3, 1, 162, 0.5, 'oz', 0, ''),
	(8, 2, 369, 1, 'oz', 0, ''),
	(7, 2, 415, 1, 'oz', 0, ''),
	(6, 2, 416, 1, 'oz', 0, ''),
	(9, 3, 3, 1.5, 'oz', 0, ''),
	(11, 3, 12, 1.5, 'oz', 0, ''),
	(10, 3, 417, 2, 'oz', 0, ''),
	(14, 4, 125, 1, 'oz', 0, ''),
	(13, 4, 175, 1, 'oz', 0, ''),
	(12, 4, 416, 1, 'oz', 0, ''),
	(17, 5, 30, 0.5, 'oz', 0, ''),
	(16, 5, 42, 0.5, 'oz', 0, ''),
	(26, 5, 379, 1, 'whole', 1, ''),
	(15, 5, 416, 1.5, 'oz', 0, ''),
	(18, 6, 159, 0.5, 'oz', 0, ''),
	(19, 6, 161, 0.5, 'oz', 0, ''),
	(20, 6, 163, 0.5, 'oz', 0, ''),
	(25, 7, 18, 1, 'twist', 1, ''),
	(24, 7, 18, 1, 'wedge', 1, ''),
	(23, 7, 41, 2, 'tsp', 0, ''),
	(22, 7, 43, 0.75, 'oz', 0, ''),
	(21, 7, 57, 1.5, 'oz', 0, 'Bacardi'),
	(30, 8, 43, 0.25, 'oz', 0, ''),
	(27, 8, 89, 1.5, 'oz', 0, ''),
	(31, 8, 151, 1, 'oz', 0, ''),
	(28, 8, 181, 0.5, 'oz', 0, ''),
	(29, 8, 286, 1.5, 'oz', 0, ''),
	(35, 9, 18, 1, 'wheel', 1, ''),
	(32, 9, 63, 2, 'oz', 0, ''),
	(33, 9, 286, 3, 'oz', 0, ''),
	(34, 9, 287, 3, 'oz', 0, ''),
	(36, 10, 154, 4, 'oz', 0, ''),
	(37, 10, 418, 2, 'oz', 0, ''),
	(38, 11, 9, 1, 'oz', 0, ''),
	(42, 11, 17, 1, 'twist', 1, ''),
	(40, 11, 34, 1, 'oz', 0, ''),
	(41, 11, 42, 0.25, 'oz', 0, ''),
	(39, 11, 57, 1, 'oz', 0, ''),
	(43, 12, 63, 2, 'oz', 0, ''),
	(44, 12, 158, 1, 'oz', 0, ''),
	(47, 13, 42, 0.5, 'oz', 0, ''),
	(50, 13, 47, 2, 'dash', 0, ''),
	(45, 13, 63, 1.5, 'oz', 0, ''),
	(46, 13, 303, 3, 'oz', 0, ''),
	(49, 13, 391, 2, 'dash', 0, ''),
	(48, 13, 395, 2, 'dash', 0, ''),
	(56, 14, 17, 1, 'slice', 1, ''),
	(52, 14, 42, 0.75, 'oz', 0, ''),
	(53, 14, 50, 0.5, 'oz', 0, ''),
	(51, 14, 81, 2, 'oz', 0, ''),
	(54, 14, 170, 0.75, 'oz', 0, ''),
	(55, 14, 419, 2, 'whole', 1, ''),
	(58, 15, 18, 4, 'wedge', 0, ''),
	(57, 15, 100, 1.75, 'oz', 0, ''),
	(59, 15, 408, 2, 'tsp', 0, ''),
	(63, 16, 20, 1, 'wheel', 1, ''),
	(61, 16, 45, 3, 'dash', 0, ''),
	(60, 16, 151, 3, 'oz', 0, ''),
	(62, 16, 371, 1, 'cube', 0, ''),
	(64, 16, 379, 1, 'whole', 1, ''),
	(66, 17, 42, 0.5, 'oz', 0, ''),
	(67, 17, 333, 0.5, 'oz', 0, ''),
	(65, 17, 416, 1.5, 'oz', 0, ''),
	(73, 18, 18, 1, 'wheel', 1, ''),
	(70, 18, 34, 0.5, 'oz', 0, ''),
	(71, 18, 43, 0.5, 'oz', 0, ''),
	(69, 18, 114, 1.5, 'oz', 0, ''),
	(72, 18, 287, 1, 'oz', 0, ''),
	(77, 19, 18, 1, 'wedge', 1, ''),
	(75, 19, 38, 3, 'oz', 0, ''),
	(76, 19, 43, 0.25, 'oz', 0, ''),
	(74, 19, 57, 1.25, 'oz', 0, ''),
	(81, 20, 18, 1, 'wedge', 1, ''),
	(79, 20, 43, 1, 'oz', 0, ''),
	(80, 20, 50, 0.75, 'oz', 0, ''),
	(78, 20, 57, 2, 'oz', 0, ''),
	(84, 21, 18, 1, 'wedge', 1, ''),
	(83, 21, 40, 4, 'oz', 0, ''),
	(82, 21, 93, 2, 'oz', 0, ''),
	(88, 22, 19, 1, 'leaf', 1, ''),
	(87, 22, 19, 2, 'leaf', 0, ''),
	(86, 22, 277, 2, 'dash', 0, ''),
	(85, 22, 416, 2, 'oz', 0, ''),
	(92, 23, 4, 0.25, 'oz', 0, ''),
	(90, 23, 12, 0.75, 'oz', 0, ''),
	(89, 23, 65, 1.5, 'oz', 0, ''),
	(91, 23, 220, 0.25, 'oz', 0, ''),
	(94, 24, 38, 6, 'oz', 0, ''),
	(93, 24, 243, 2, 'oz', 0, ''),
	(96, 25, 42, 0.5, 'oz', 0, ''),
	(98, 25, 50, 0.5, 'oz', 0, ''),
	(95, 25, 151, 2, 'oz', 0, ''),
	(97, 25, 416, 1, 'oz', 0, ''),
	(99, 26, 416, 2, 'oz', 0, ''),
	(102, 27, 72, 1, 'oz', 0, ''),
	(103, 27, 187, 1, 'oz', 0, ''),
	(104, 28, 63, 1, 'oz', 0, ''),
	(105, 28, 187, 1, 'oz', 0, ''),
	(107, 29, 34, 1, 'oz', 0, ''),
	(108, 29, 45, 1, 'oz', 0, ''),
	(106, 29, 181, 1, 'oz', 0, ''),
	(109, 29, 369, 0.5, 'oz', 0, ''),
	(114, 30, 17, 1, 'twist', 1, ''),
	(111, 30, 30, 0.33, 'oz', 0, ''),
	(112, 30, 42, 0.33, 'oz', 0, ''),
	(110, 30, 83, 1.33, 'oz', 0, ''),
	(113, 30, 271, 2, 'dash', 0, ''),
	(115, 30, 379, 1, 'whole', 1, ''),
	(116, 31, 9, 1.25, 'oz', 0, ''),
	(117, 31, 186, 1.25, 'oz', 0, ''),
	(119, 32, 42, 1, 'oz', 0, ''),
	(121, 32, 51, 2.75, 'oz', 0, ''),
	(120, 32, 306, 1, 'tsp', 0, ''),
	(118, 32, 416, 1.5, 'oz', 0, ''),
	(122, 33, 169, 1, 'oz', 0, ''),
	(124, 33, 369, 1, 'oz', 0, ''),
	(123, 33, 415, 1, 'oz', 0, ''),
	(128, 34, 20, 1, 'wheel', 1, ''),
	(127, 34, 45, 3, 'oz', 0, ''),
	(125, 34, 63, 1.5, 'oz', 0, ''),
	(126, 34, 181, 0.5, 'oz', 0, ''),
	(129, 34, 379, 1, 'whole', 1, ''),
	(133, 35, 43, 0.5, 'oz', 0, ''),
	(130, 35, 57, 2, 'oz', 0, ''),
	(100, 26, 54, 2, 'oz', 0, ''),
	(132, 35, 30, 0.5, 'oz', 0, ''),
	(131, 35, 282, 1.33, 'oz', 0, ''),
	(136, 36, 5, 1, 'dash', 0, ''),
	(141, 36, 5, 1, 'dash', 1, ''),
	(134, 36, 8, 1.5, 'oz', 0, ''),
	(137, 36, 42, 1, 'peel', 1, ''),
	(135, 36, 352, 4.5, 'oz', 0, ''),
	(145, 37, 30, 1, 'tsp', 0, ''),
	(146, 37, 43, 0.75, 'oz', 0, ''),
	(147, 37, 50, 0.5, 'oz', 0, ''),
	(142, 37, 59, 1, 'oz', 0, ''),
	(143, 37, 94, 0.5, 'oz', 0, ''),
	(144, 37, 317, 0.5, 'oz', 0, ''),
	(151, 38, 3, 0.75, 'oz', 0, ''),
	(154, 38, 18, 1, 'twist', 1, ''),
	(153, 38, 30, 0.25, 'oz', 0, ''),
	(150, 38, 43, 1, 'oz', 0, ''),
	(152, 38, 46, 0.5, 'oz', 0, ''),
	(149, 38, 58, 1, 'oz', 0, ''),
	(155, 39, 34, 0.5, 'oz', 0, ''),
	(156, 39, 42, 0.5, 'oz', 0, ''),
	(157, 39, 50, 0.25, 'oz', 0, ''),
	(158, 39, 5, 0.25, 'oz', 0, ''),
	(160, 40, 4, 0.75, 'oz', 0, ''),
	(159, 40, 80, 1.5, 'oz', 0, ''),
	(161, 40, 11, 0.5, 'oz', 0, ''),
	(162, 40, 20, 1, 'twist', 1, ''),
	(163, 41, 65, 1.5, 'oz', 0, ''),
	(164, 41, 12, 0.75, 'oz', 0, ''),
	(165, 41, 3, 0.75, 'oz', 0, ''),
	(166, 41, 17, 1, 'twist', 1, ''),
	(167, 42, 71, 1.5, 'oz', 0, ''),
	(168, 42, 12, 0.75, 'oz', 0, ''),
	(169, 42, 3, 0.75, 'oz', 0, ''),
	(170, 42, 20, 1, 'twist', 1, ''),
	(171, 43, 81, 2, 'oz', 0, ''),
	(172, 43, 33, 0.75, 'oz', 0, ''),
	(173, 43, 50, 0.75, 'oz', 0, ''),
	(175, 43, 51, 1, 'oz', 0, ''),
	(176, 44, 9, 2, 'oz', 0, ''),
	(177, 44, 29, 0.5, 'oz', 0, ''),
	(178, 44, 42, 0.75, 'oz', 0, ''),
	(179, 44, 50, 0.5, 'oz', 0, ''),
	(180, 44, 5, 1, 'dash', 0, ''),
	(181, 44, 17, 1, 'twist', 1, ''),
	(182, 45, 416, 2, 'oz', 0, ''),
	(183, 45, 42, 0.75, 'oz', 0, ''),
	(184, 45, 50, 0.75, 'oz', 0, ''),
	(185, 45, 350, 1, 'pinch', 1, ''),
	(186, 46, 71, 2, 'oz', 0, 'Pref. Rittenhouse 100'),
	(187, 46, 42, 0.75, 'oz', 0, ''),
	(188, 46, 50, 0.75, 'oz', 0, ''),
	(189, 46, 41, 1, 'tsp', 0, ''),
	(190, 46, 19, 3, 'leaf', 0, ''),
	(191, 46, 19, 1, 'leaf', 1, ''),
	(192, 47, 416, 1.5, 'oz', 0, ''),
	(193, 47, 42, 0.75, 'oz', 0, ''),
	(194, 47, 33, 0.5, 'oz', 0, ''),
	(195, 47, 50, 0.5, 'oz', 0, ''),
	(197, 47, 417, 2, 'oz', 0, ''),
	(199, 48, 416, 1.5, 'oz', 0, ''),
	(200, 48, 52, 0.75, 'oz', 0, ''),
	(201, 48, 50, 1, 'oz', 0, ''),
	(202, 48, 5, 2, 'dash', 0, ''),
	(203, 48, 17, 1, 'wedge', 1, ''),
	(205, 49, 40, 1, 'oz', 0, ''),
	(206, 49, 43, 0.75, 'oz', 0, ''),
	(207, 49, 50, 0.75, 'oz', 0, ''),
	(211, 49, 15, 1, 'wheel', 1, ''),
	(209, 49, 15, 3, 'wheel', 0, ''),
	(198, 47, 15, 2, 'slice', 1, ''),
	(196, 47, 15, 4, 'slice', 0, ''),
	(212, 49, 19, 1, 'leaf', 1, ''),
	(210, 49, 19, 7, 'leaf', 0, ''),
	(208, 49, 55, 0.5, 'oz', 0, ''),
	(204, 49, 9, 1.5, 'oz', 0, 'VSOP'),
	(101, 26, 18, 1, 'wedge', 1, ''),
	(213, 50, 416, 2, 'oz', 0, ''),
	(214, 50, 50, 0.75, 'oz', 0, ''),
	(217, 50, 49, 1, 'pinch', 1, ''),
	(218, 50, 47, 1, 'pinch', 1, ''),
	(216, 50, 18, 6, 'wedge', 0, ''),
	(215, 50, 15, 3, 'slice', 0, ''),
	(219, 51, 80, 1.5, 'oz', 0, ''),
	(220, 51, 33, 0.75, 'oz', 0, ''),
	(221, 51, 29, 0.5, 'oz', 0, ''),
	(222, 51, 43, 0.5, 'oz', 0, ''),
	(223, 52, 416, 2, 'oz', 0, ''),
	(224, 52, 162, 1, 'oz', 0, ''),
	(225, 52, 42, 0.75, 'oz', 0, ''),
	(226, 52, 3, 0.5, 'oz', 0, ''),
	(227, 52, 17, 1, 'wheel', 1, ''),
	(228, 53, 71, 2, 'oz', 0, ''),
	(229, 53, 12, 1, 'oz', 0, ''),
	(230, 53, 5, 2, 'dash', 0, ''),
	(232, 54, 71, 2, 'oz', 0, ''),
	(233, 54, 12, 1, 'oz', 0, ''),
	(234, 54, 5, 2, 'dash', 0, ''),
	(235, 54, 17, 1, 'twist', 1, ''),
	(237, 55, 162, 1, 'oz', 0, ''),
	(236, 55, 61, 2, 'oz', 0, ''),
	(239, 55, 18, 1, 'wedge', 1, ''),
	(238, 55, 43, 0.75, 'oz', 0, ''),
	(240, 55, 49, 1, 'rim', 1, ''),
	(241, 56, 23, 2, 'oz', 0, ''),
	(242, 56, 11, 1, 'oz', 0, ''),
	(243, 56, 17, 1, 'twist', 1, ''),
	(245, 57, 57, 2, 'oz', 0, ''),
	(246, 57, 371, 2, 'tsp', 0, ''),
	(247, 57, 43, 0.75, 'oz', 0, ''),
	(248, 57, 19, 6, 'leaf', 0, ''),
	(249, 57, 417, 4, 'oz', 0, ''),
	(250, 57, 18, 1, 'wheel', 1, ''),
	(251, 57, 19, 1, 'sprig', 1, ''),
	(252, 58, 63, 2, 'oz', 0, ''),
	(253, 58, 43, 0.5, 'oz', 0, ''),
	(254, 58, 40, 4, 'oz', 0, ''),
	(255, 58, 18, 1, 'wheel', 1, ''),
	(256, 58, 19, 1, 'sprig', 1, ''),
	(257, 59, 65, 2, 'oz', 0, ''),
	(258, 59, 42, 0.75, 'oz', 0, ''),
	(259, 59, 50, 0.75, 'oz', 0, ''),
	(261, 59, 74, 1, 'float', 0, ''),
	(231, 53, 379, 1, 'whole', 1, ''),
	(262, 59, 379, 1, 'whole', 1, ''),
	(260, 59, 420, 1, 'whole', 0, ''),
	(174, 43, 420, 1, 'whole', 0, ''),
	(263, 60, 59, 1.5, 'oz', 0, ''),
	(264, 60, 27, 0.75, 'oz', 0, ''),
	(265, 60, 3, 0.5, 'oz', 0, ''),
	(266, 60, 243, 0.25, 'oz', 0, ''),
	(267, 60, 5, 1, 'dash', 0, ''),
	(268, 60, 20, 1, 'peel', 1, ''),
	(269, 61, 80, 2, 'oz', 0, ''),
	(270, 61, 28, 1, 'oz', 0, ''),
	(271, 61, 21, 1, 'sprig', 0, ''),
	(272, 61, 21, 1, 'sprig', 1, ''),
	(273, 62, 416, 2, 'oz', 0, ''),
	(274, 62, 75, 2, 'oz', 0, ''),
	(275, 62, 15, 4, 'wheel', 0, ''),
	(276, 62, 15, 1, 'wheel', 1, ''),
	(277, 63, 57, 2, 'oz', 0, ''),
	(278, 63, 43, 0.5, 'oz', 0, ''),
	(279, 63, 40, 4, 'oz', 0, ''),
	(280, 63, 17, 1, 'wedge', 1, ''),
	(281, 64, 9, 2, 'oz', 0, ''),
	(282, 64, 162, 0.75, 'oz', 0, ''),
	(283, 64, 42, 0.75, 'oz', 0, ''),
	(284, 64, 17, 1, 'twist', 1, ''),
	(285, 65, 69, 1, 'oz', 0, ''),
	(286, 65, 3, 1, 'oz', 0, ''),
	(287, 65, 29, 1, 'oz', 0, ''),
	(288, 66, 23, 0.75, 'oz', 0, ''),
	(289, 66, 26, 0.75, 'oz', 0, ''),
	(290, 66, 162, 0.75, 'oz', 0, ''),
	(291, 66, 42, 0.75, 'oz', 0, ''),
	(292, 66, 20, 1, 'twist', 1, ''),
	(293, 67, 67, 2, 'oz', 0, ''),
	(294, 67, 43, 0.75, 'oz', 0, ''),
	(295, 67, 41, 0.75, 'oz', 0, ''),
	(296, 67, 18, 1, 'wedge', 1, ''),
	(297, 68, 72, 1.5, 'oz', 0, ''),
	(298, 68, 33, 0.5, 'oz', 0, ''),
	(299, 68, 42, 0.75, 'oz', 0, ''),
	(300, 68, 5, 1, 'dash', 0, ''),
	(301, 68, 40, 4, 'oz', 0, ''),
	(302, 68, 17, 1, 'wheel', 1, ''),
	(303, 68, 404, 1, 'piece', 1, ''),
	(304, 69, 375, 4, 'oz', 0, ''),
	(305, 69, 67, 1.5, 'oz', 0, ''),
	(306, 69, 407, 1, 'tsp', 0, ''),
	(307, 69, 369, 1, 'oz', 0, ''),
	(308, 70, 63, 1, 'oz', 0, ''),
	(309, 70, 34, 1, 'oz', 0, ''),
	(310, 70, 43, 1, 'oz', 0, ''),
	(311, 70, 18, 1, 'wheel', 1, ''),
	(312, 71, 76, 6, 'oz', 0, ''),
	(313, 71, 172, 5, 'oz', 0, ''),
	(314, 72, 63, 2, 'oz', 0, ''),
	(315, 72, 34, 0.75, 'oz', 0, ''),
	(316, 72, 42, 1, 'oz', 0, ''),
	(317, 72, 371, 1, 'rim', 1, ''),
	(318, 39, 9, 2, 'oz', 0, ''),
	(319, 73, 61, 0.75, 'oz', 0, ''),
	(320, 73, 63, 0.75, 'oz', 0, ''),
	(321, 73, 57, 0.75, 'oz', 0, ''),
	(322, 73, 416, 0.75, 'oz', 0, ''),
	(323, 73, 34, 0.75, 'oz', 0, ''),
	(324, 73, 42, 0.75, 'oz', 0, ''),
	(325, 73, 50, 1, 'oz', 0, ''),
	(326, 73, 38, 1, 'oz', 0, ''),
	(327, 73, 17, 1, 'twist', 1, ''),
	(328, 74, 63, 2, 'oz', 0, ''),
	(329, 74, 159, 0.5, 'oz', 0, ''),
	(330, 74, 376, 1, 'oz', 0, ''),
	(331, 74, 50, 0.5, 'oz', 0, ''),
	(333, 75, 421, 0.75, 'oz', 0, ''),
	(334, 75, 286, 0.75, 'oz', 0, ''),
	(335, 75, 17, 1, 'peel', 1, ''),
	(336, 76, 63, 2, 'oz', 0, ''),
	(332, 75, 63, 2, 'oz', 0, ''),
	(337, 76, 11, 0.5, 'oz', 0, ''),
	(338, 76, 17, 1, 'peel', 1, ''),
	(340, 77, 57, 2, 'oz', 0, ''),
	(341, 77, 286, 1.5, 'oz', 0, ''),
	(342, 77, 41, 0.25, 'oz', 0, ''),
	(343, 77, 30, 0.25, 'oz', 0, ''),
	(345, 78, 151, 3, 'oz', 0, ''),
	(346, 78, 45, 3, 'oz', 0, ''),
	(347, 79, 65, 2, 'oz', 0, ''),
	(348, 79, 371, 1, 'tsp', 0, ''),
	(349, 79, 19, 6, 'leaf', 0, ''),
	(350, 79, 19, 1, 'sprig', 1, ''),
	(351, 80, 416, 2, 'oz', 0, ''),
	(352, 80, 45, 0.75, 'oz', 0, ''),
	(353, 80, 41, 0.25, 'oz', 0, ''),
	(354, 80, 423, 0.25, 'oz', 0, ''),
	(355, 81, 416, 1, 'oz', 0, ''),
	(356, 81, 3, 1, 'oz', 0, ''),
	(357, 81, 12, 1, 'oz', 0, ''),
	(358, 81, 20, 1, 'peel', 1, ''),
	(359, 81, 281, 1, 'peel', 1, ''),
	(360, 82, 65, 2, 'oz', 0, ''),
	(361, 82, 50, 0.25, 'oz', 0, ''),
	(362, 82, 5, 2, 'dash', 0, ''),
	(363, 82, 20, 1, 'peel', 1, ''),
	(365, 83, 416, 1.5, 'oz', 0, ''),
	(366, 83, 175, 0.75, 'oz', 0, ''),
	(367, 83, 45, 0.5, 'oz', 0, ''),
	(368, 83, 271, 2, 'dash', 0, ''),
	(369, 84, 57, 2, 'oz', 0, ''),
	(370, 84, 286, 1.5, 'oz', 0, ''),
	(371, 84, 412, 1.5, 'oz', 0, ''),
	(372, 84, 43, 0.5, 'oz', 0, ''),
	(373, 84, 402, 1, 'wedge', 1, ''),
	(375, 85, 424, 2, 'oz', 0, ''),
	(376, 85, 43, 1, 'oz', 0, ''),
	(378, 85, 50, 0.5, 'oz', 0, ''),
	(380, 86, 90, 2, 'oz', 0, ''),
	(381, 86, 45, 1, 'oz', 0, ''),
	(382, 86, 43, 1, 'oz', 0, ''),
	(383, 86, 286, 1, 'oz', 0, ''),
	(384, 86, 41, 0.25, 'oz', 0, ''),
	(385, 86, 50, 0.25, 'oz', 0, ''),
	(387, 86, 402, 1, 'wedge', 1, ''),
	(388, 86, 379, 1, 'whole', 1, ''),
	(344, 77, 379, 1, 'whole', 1, ''),
	(374, 84, 379, 1, 'whole', 1, ''),
	(364, 82, 379, 1, 'whole', 1, ''),
	(339, 76, 382, 1, 'whole', 1, ''),
	(244, 56, 382, 1, 'whole', 1, ''),
	(379, 85, 5, 3, 'drop', 1, ''),
	(386, 86, 5, 3, 'drop', 1, ''),
	(148, 37, 420, 1, 'whole', 0, ''),
	(68, 17, 420, 1, 'whole', 0, ''),
	(390, 87, 202, 1.5, 'oz', 0, ''),
	(389, 87, 8, 0.75, 'oz', 0, ''),
	(391, 87, 39, 1, 'whole', 0, ''),
	(392, 87, 50, 0.25, 'oz', 0, ''),
	(393, 87, 341, 1, 'pinch', 1, ''),
	(394, 88, 416, 2, 'oz', 0, ''),
	(395, 88, 50, 0.5, 'oz', 0, ''),
	(396, 88, 42, 0.5, 'oz', 0, ''),
	(397, 88, 43, 0.5, 'oz', 0, ''),
	(398, 88, 369, 0.5, 'oz', 0, ''),
	(399, 88, 401, 3, 'dash', 0, ''),
	(401, 88, 417, 4, 'oz', 0, ''),
	(377, 85, 420, 1, 'whole', 0, ''),
	(400, 88, 420, 1, 'whole', 0, ''),
	(402, 89, 127, 0.75, 'oz', 0, ''),
	(403, 89, 11, 1.5, 'oz', 0, ''),
	(404, 89, 328, 1, 'tsp', 0, ''),
	(405, 89, 379, 1, 'whole', 1, ''),
	(406, 90, 63, 1, 'oz', 0, ''),
	(407, 90, 172, 0.5, 'oz', 0, ''),
	(408, 90, 50, 0.25, 'oz', 0, ''),
	(409, 90, 42, 1, 'oz', 0, ''),
	(410, 90, 150, 4, 'oz', 0, ''),
	(411, 91, 72, 2, 'oz', 0, ''),
	(412, 91, 189, 1, 'oz', 0, ''),
	(414, 92, 71, 2, 'oz', 0, ''),
	(415, 92, 423, 0.25, 'oz', 0, ''),
	(416, 92, 279, 3, 'dash', 0, ''),
	(417, 92, 371, 1, 'tsp', 0, ''),
	(418, 92, 17, 1, 'twist', 1, ''),
	(413, 91, 17, 1, 'twist', 1, ''),
	(419, 93, 63, 2, 'oz', 0, ''),
	(420, 93, 45, 4, 'oz', 0, ''),
	(421, 93, 20, 1, 'wheel', 1, ''),
	(422, 94, 63, 1.5, 'oz', 0, ''),
	(423, 94, 287, 3, 'oz', 0, ''),
	(424, 94, 282, 0.75, 'oz', 0, ''),
	(425, 94, 18, 1, 'wheel', 1, ''),
	(426, 95, 63, 1.5, 'oz', 0, ''),
	(427, 95, 45, 1.5, 'oz', 0, ''),
	(428, 95, 287, 1.5, 'oz', 0, ''),
	(429, 95, 425, 0.75, 'oz', 0, ''),
	(430, 95, 20, 1, 'slice', 1, ''),
	(431, 96, 416, 1, 'oz', 0, ''),
	(432, 96, 166, 0.25, 'oz', 0, ''),
	(433, 96, 163, 0.25, 'oz', 0, ''),
	(434, 96, 164, 0.25, 'oz', 0, ''),
	(436, 96, 43, 0.5, 'oz', 0, ''),
	(437, 96, 5, 1, 'dash', 0, ''),
	(435, 96, 286, 4, 'oz', 0, ''),
	(438, 96, 20, 1, 'slice', 1, ''),
	(439, 96, 379, 1, 'whole', 1, ''),
	(440, 97, 3, 2, 'oz', 0, ''),
	(441, 97, 154, 3, 'oz', 0, ''),
	(442, 97, 51, 1, 'splash', 0, ''),
	(443, 97, 20, 1, 'wheel', 1, ''),
	(444, 98, 9, 2, 'oz', 0, ''),
	(445, 98, 169, 1, 'oz', 0, ''),
	(446, 99, 62, 2, 'oz', 0, ''),
	(447, 99, 45, 4, 'oz', 0, ''),
	(448, 99, 41, 0.25, 'oz', 0, ''),
	(449, 99, 20, 1, 'wheel', 1, ''),
	(450, 99, 379, 1, 'whole', 1, ''),
	(451, 100, 83, 1, 'oz', 0, ''),
	(452, 100, 11, 1, 'oz', 0, ''),
	(453, 100, 30, 1, 'dash', 0, ''),
	(454, 100, 423, 1, 'dash', 0, ''),
	(455, 100, 271, 3, 'dash', 0, ''),
	(456, 100, 17, 1, 'twist', 1, ''),
	(457, 100, 479, 1, 'whole', 1, ''),
	(458, 101, 61, 2, 'oz', 0, ''),
	(459, 101, 303, 1, 'oz', 0, ''),
	(460, 101, 45, 1, 'oz', 0, ''),
	(461, 101, 43, 0.5, 'oz', 0, ''),
	(462, 101, 41, 0.5, 'oz', 0, ''),
	(463, 101, 391, 7, 'drop', 0, ''),
	(464, 101, 47, 1, 'pinch', 1, ''),
	(465, 101, 49, 1, 'rim', 1, ''),
	(466, 102, 416, 3, 'oz', 0, ''),
	(467, 102, 63, 1, 'oz', 0, ''),
	(468, 102, 228, 0.5, 'oz', 0, ''),
	(469, 102, 17, 1, 'twist', 1, ''),
	(470, 103, 63, 2, 'oz', 0, ''),
	(472, 103, 54, 2, 'oz', 0, ''),
	(471, 103, 18, 1, 'wedge', 1, ''),
	(472, 104, 416, 2, 'oz', 0, ''),
	(473, 104, 43, 0.5, 'oz', 0, ''),
	(474, 104, 417, 4, 'oz', 0, ''),
	(475, 104, 18, 2, 'wheel', 2, ''),
	(477, 105, 42, 0.75, 'oz', 0, ''),
	(478, 105, 50, 0.5, 'oz', 0, ''),
	(480, 105, 5, 3, 'drop', 1, ''),
	(476, 105, 65, 2, 'oz', 0, ''),
	(481, 105, 379, 1, 'whole', 1, ''),
	(479, 105, 420, 1, 'whole', 0, ''),
	(482, 106, 416, 2, 'oz', 0, ''),
	(483, 106, 34, 0.75, 'oz', 0, ''),
	(484, 106, 42, 0.75, 'oz', 0, ''),
	(485, 106, 420, 1, 'whole', 0, ''),
	(485, 107, 63, 2, 'oz', 0, ''),
	(486, 107, 159, 1, 'oz', 0, ''),
	(487, 107, 369, 0.5, 'oz', 0, ''),
	(488, 108, 57, 1.5, 'oz', 0, ''),
	(489, 108, 181, 0.75, 'oz', 0, ''),
	(490, 108, 34, 0.75, 'oz', 0, ''),
	(491, 108, 43, 0.75, 'oz', 0, '');
/*!40000 ALTER TABLE "recipe_ingredients" ENABLE KEYS */;

/*!40103 SET TIME_ZONE=IFNULL(@OLD_TIME_ZONE, 'system') */;
/*!40101 SET SQL_MODE=IFNULL(@OLD_SQL_MODE, '') */;
/*!40014 SET FOREIGN_KEY_CHECKS=IFNULL(@OLD_FOREIGN_KEY_CHECKS, 1) */;
/*!40101 SET CHARACTER_SET_CLIENT=@OLD_CHARACTER_SET_CLIENT */;
/*!40111 SET SQL_NOTES=IFNULL(@OLD_SQL_NOTES, 1) */;
